[0.098s] DEBUG:colcon:Command line arguments: ['/usr/bin/colcon', 'build', '--symlink-install']
[0.098s] DEBUG:colcon:Parsed command line arguments: Namespace(log_base=None, log_level=None, verb_name='build', build_base='build', install_base='install', merge_install=False, symlink_install=True, test_result_base=None, continue_on_error=False, executor='parallel', parallel_workers=24, event_handlers=None, ignore_user_meta=False, metas=['./colcon.meta'], base_paths=['.'], packages_ignore=None, packages_ignore_regex=None, paths=None, packages_up_to=None, packages_up_to_regex=None, packages_above=None, packages_above_and_dependencies=None, packages_above_depth=None, packages_select_by_dep=None, packages_skip_by_dep=None, packages_skip_up_to=None, packages_select_build_failed=False, packages_skip_build_finished=False, packages_select_test_failures=False, packages_skip_test_passed=False, packages_select=None, packages_skip=None, packages_select_regex=None, packages_skip_regex=None, packages_start=None, packages_end=None, allow_overriding=[], cmake_args=None, cmake_target=None, cmake_target_skip_unavailable=False, cmake_clean_cache=False, cmake_clean_first=False, cmake_force_configure=False, ament_cmake_args=None, catkin_cmake_args=None, catkin_skip_building_tests=False, verb_parser=<colcon_defaults.argument_parser.defaults.DefaultArgumentsDecorator object at 0x799ef29acc70>, verb_extension=<colcon_core.verb.build.BuildVerb object at 0x799ef2a97430>, main=<bound method BuildVerb.main of <colcon_core.verb.build.BuildVerb object at 0x799ef2a97430>>)
[0.123s] Level 1:colcon.colcon_core.package_discovery:discover_packages(colcon_meta) check parameters
[0.124s] Level 1:colcon.colcon_core.package_discovery:discover_packages(recursive) check parameters
[0.124s] Level 1:colcon.colcon_core.package_discovery:discover_packages(ignore) check parameters
[0.124s] Level 1:colcon.colcon_core.package_discovery:discover_packages(path) check parameters
[0.124s] Level 1:colcon.colcon_core.package_discovery:discover_packages(colcon_meta) discover
[0.124s] Level 1:colcon.colcon_core.package_discovery:discover_packages(recursive) discover
[0.124s] INFO:colcon.colcon_core.package_discovery:Crawling recursively for packages in '/home/trungbao/CYBER/cyberruner-main'
[0.124s] Level 1:colcon.colcon_core.package_identification:_identify(.) by extensions ['ignore', 'ignore_ament_install']
[0.124s] Level 1:colcon.colcon_core.package_identification:_identify(.) by extension 'ignore'
[0.124s] Level 1:colcon.colcon_core.package_identification:_identify(.) by extension 'ignore_ament_install'
[0.124s] Level 1:colcon.colcon_core.package_identification:_identify(.) by extensions ['colcon_pkg']
[0.124s] Level 1:colcon.colcon_core.package_identification:_identify(.) by extension 'colcon_pkg'
[0.124s] Level 1:colcon.colcon_core.package_identification:_identify(.) by extensions ['colcon_meta']
[0.124s] Level 1:colcon.colcon_core.package_identification:_identify(.) by extension 'colcon_meta'
[0.124s] Level 1:colcon.colcon_core.package_identification:_identify(.) by extensions ['ros']
[0.124s] Level 1:colcon.colcon_core.package_identification:_identify(.) by extension 'ros'
[0.146s] Level 1:colcon.colcon_core.package_identification:_identify(.) by extensions ['cmake', 'python']
[0.147s] Level 1:colcon.colcon_core.package_identification:_identify(.) by extension 'cmake'
[0.147s] Level 1:colcon.colcon_core.package_identification:_identify(.) by extension 'python'
[0.147s] Level 1:colcon.colcon_core.package_identification:_identify(.) by extensions ['python_setup_py']
[0.147s] Level 1:colcon.colcon_core.package_identification:_identify(.) by extension 'python_setup_py'
[0.147s] Level 1:colcon.colcon_core.package_identification:_identify(__pycache__) by extensions ['ignore', 'ignore_ament_install']
[0.147s] Level 1:colcon.colcon_core.package_identification:_identify(__pycache__) by extension 'ignore'
[0.147s] Level 1:colcon.colcon_core.package_identification:_identify(__pycache__) by extension 'ignore_ament_install'
[0.147s] Level 1:colcon.colcon_core.package_identification:_identify(__pycache__) by extensions ['colcon_pkg']
[0.147s] Level 1:colcon.colcon_core.package_identification:_identify(__pycache__) by extension 'colcon_pkg'
[0.147s] Level 1:colcon.colcon_core.package_identification:_identify(__pycache__) by extensions ['colcon_meta']
[0.147s] Level 1:colcon.colcon_core.package_identification:_identify(__pycache__) by extension 'colcon_meta'
[0.147s] Level 1:colcon.colcon_core.package_identification:_identify(__pycache__) by extensions ['ros']
[0.147s] Level 1:colcon.colcon_core.package_identification:_identify(__pycache__) by extension 'ros'
[0.147s] Level 1:colcon.colcon_core.package_identification:_identify(__pycache__) by extensions ['cmake', 'python']
[0.147s] Level 1:colcon.colcon_core.package_identification:_identify(__pycache__) by extension 'cmake'
[0.147s] Level 1:colcon.colcon_core.package_identification:_identify(__pycache__) by extension 'python'
[0.147s] Level 1:colcon.colcon_core.package_identification:_identify(__pycache__) by extensions ['python_setup_py']
[0.147s] Level 1:colcon.colcon_core.package_identification:_identify(__pycache__) by extension 'python_setup_py'
[0.147s] Level 1:colcon.colcon_core.package_identification:_identify(build) by extensions ['ignore', 'ignore_ament_install']
[0.147s] Level 1:colcon.colcon_core.package_identification:_identify(build) by extension 'ignore'
[0.147s] Level 1:colcon.colcon_core.package_identification:_identify(build) ignored
[0.147s] Level 1:colcon.colcon_core.package_identification:_identify(cache) by extensions ['ignore', 'ignore_ament_install']
[0.147s] Level 1:colcon.colcon_core.package_identification:_identify(cache) by extension 'ignore'
[0.147s] Level 1:colcon.colcon_core.package_identification:_identify(cache) by extension 'ignore_ament_install'
[0.147s] Level 1:colcon.colcon_core.package_identification:_identify(cache) by extensions ['colcon_pkg']
[0.147s] Level 1:colcon.colcon_core.package_identification:_identify(cache) by extension 'colcon_pkg'
[0.147s] Level 1:colcon.colcon_core.package_identification:_identify(cache) by extensions ['colcon_meta']
[0.147s] Level 1:colcon.colcon_core.package_identification:_identify(cache) by extension 'colcon_meta'
[0.147s] Level 1:colcon.colcon_core.package_identification:_identify(cache) by extensions ['ros']
[0.147s] Level 1:colcon.colcon_core.package_identification:_identify(cache) by extension 'ros'
[0.147s] Level 1:colcon.colcon_core.package_identification:_identify(cache) by extensions ['cmake', 'python']
[0.147s] Level 1:colcon.colcon_core.package_identification:_identify(cache) by extension 'cmake'
[0.147s] Level 1:colcon.colcon_core.package_identification:_identify(cache) by extension 'python'
[0.147s] Level 1:colcon.colcon_core.package_identification:_identify(cache) by extensions ['python_setup_py']
[0.147s] Level 1:colcon.colcon_core.package_identification:_identify(cache) by extension 'python_setup_py'
[0.147s] Level 1:colcon.colcon_core.package_identification:_identify(cache/pre_restore_env_20260601_140907) by extensions ['ignore', 'ignore_ament_install']
[0.147s] Level 1:colcon.colcon_core.package_identification:_identify(cache/pre_restore_env_20260601_140907) by extension 'ignore'
[0.147s] Level 1:colcon.colcon_core.package_identification:_identify(cache/pre_restore_env_20260601_140907) by extension 'ignore_ament_install'
[0.147s] Level 1:colcon.colcon_core.package_identification:_identify(cache/pre_restore_env_20260601_140907) by extensions ['colcon_pkg']
[0.147s] Level 1:colcon.colcon_core.package_identification:_identify(cache/pre_restore_env_20260601_140907) by extension 'colcon_pkg'
[0.147s] Level 1:colcon.colcon_core.package_identification:_identify(cache/pre_restore_env_20260601_140907) by extensions ['colcon_meta']
[0.147s] Level 1:colcon.colcon_core.package_identification:_identify(cache/pre_restore_env_20260601_140907) by extension 'colcon_meta'
[0.147s] Level 1:colcon.colcon_core.package_identification:_identify(cache/pre_restore_env_20260601_140907) by extensions ['ros']
[0.147s] Level 1:colcon.colcon_core.package_identification:_identify(cache/pre_restore_env_20260601_140907) by extension 'ros'
[0.148s] Level 1:colcon.colcon_core.package_identification:_identify(cache/pre_restore_env_20260601_140907) by extensions ['cmake', 'python']
[0.148s] Level 1:colcon.colcon_core.package_identification:_identify(cache/pre_restore_env_20260601_140907) by extension 'cmake'
[0.148s] Level 1:colcon.colcon_core.package_identification:_identify(cache/pre_restore_env_20260601_140907) by extension 'python'
[0.148s] Level 1:colcon.colcon_core.package_identification:_identify(cache/pre_restore_env_20260601_140907) by extensions ['python_setup_py']
[0.148s] Level 1:colcon.colcon_core.package_identification:_identify(cache/pre_restore_env_20260601_140907) by extension 'python_setup_py'
[0.148s] Level 1:colcon.colcon_core.package_identification:_identify(cyberrunner_camera) by extensions ['ignore', 'ignore_ament_install']
[0.148s] Level 1:colcon.colcon_core.package_identification:_identify(cyberrunner_camera) by extension 'ignore'
[0.148s] Level 1:colcon.colcon_core.package_identification:_identify(cyberrunner_camera) by extension 'ignore_ament_install'
[0.148s] Level 1:colcon.colcon_core.package_identification:_identify(cyberrunner_camera) by extensions ['colcon_pkg']
[0.148s] Level 1:colcon.colcon_core.package_identification:_identify(cyberrunner_camera) by extension 'colcon_pkg'
[0.148s] Level 1:colcon.colcon_core.package_identification:_identify(cyberrunner_camera) by extensions ['colcon_meta']
[0.148s] Level 1:colcon.colcon_core.package_identification:_identify(cyberrunner_camera) by extension 'colcon_meta'
[0.148s] Level 1:colcon.colcon_core.package_identification:_identify(cyberrunner_camera) by extensions ['ros']
[0.148s] Level 1:colcon.colcon_core.package_identification:_identify(cyberrunner_camera) by extension 'ros'
[0.150s] DEBUG:colcon.colcon_core.package_identification:Package 'cyberrunner_camera' with type 'ros.ament_cmake' and name 'cyberrunner_camera'
[0.150s] Level 1:colcon.colcon_core.package_identification:_identify(cyberrunner_dreamer) by extensions ['ignore', 'ignore_ament_install']
[0.150s] Level 1:colcon.colcon_core.package_identification:_identify(cyberrunner_dreamer) by extension 'ignore'
[0.150s] Level 1:colcon.colcon_core.package_identification:_identify(cyberrunner_dreamer) by extension 'ignore_ament_install'
[0.150s] Level 1:colcon.colcon_core.package_identification:_identify(cyberrunner_dreamer) by extensions ['colcon_pkg']
[0.150s] Level 1:colcon.colcon_core.package_identification:_identify(cyberrunner_dreamer) by extension 'colcon_pkg'
[0.150s] Level 1:colcon.colcon_core.package_identification:_identify(cyberrunner_dreamer) by extensions ['colcon_meta']
[0.150s] Level 1:colcon.colcon_core.package_identification:_identify(cyberrunner_dreamer) by extension 'colcon_meta'
[0.150s] Level 1:colcon.colcon_core.package_identification:_identify(cyberrunner_dreamer) by extensions ['ros']
[0.150s] Level 1:colcon.colcon_core.package_identification:_identify(cyberrunner_dreamer) by extension 'ros'
[0.151s] DEBUG:colcon.colcon_core.package_identification:Package 'cyberrunner_dreamer' with type 'ros.ament_python' and name 'cyberrunner_dreamer'
[0.151s] Level 1:colcon.colcon_core.package_identification:_identify(cyberrunner_dreamer_thomas) by extensions ['ignore', 'ignore_ament_install']
[0.151s] Level 1:colcon.colcon_core.package_identification:_identify(cyberrunner_dreamer_thomas) by extension 'ignore'
[0.151s] Level 1:colcon.colcon_core.package_identification:_identify(cyberrunner_dreamer_thomas) by extension 'ignore_ament_install'
[0.151s] Level 1:colcon.colcon_core.package_identification:_identify(cyberrunner_dreamer_thomas) by extensions ['colcon_pkg']
[0.151s] Level 1:colcon.colcon_core.package_identification:_identify(cyberrunner_dreamer_thomas) by extension 'colcon_pkg'
[0.151s] Level 1:colcon.colcon_core.package_identification:_identify(cyberrunner_dreamer_thomas) by extensions ['colcon_meta']
[0.151s] Level 1:colcon.colcon_core.package_identification:_identify(cyberrunner_dreamer_thomas) by extension 'colcon_meta'
[0.151s] Level 1:colcon.colcon_core.package_identification:_identify(cyberrunner_dreamer_thomas) by extensions ['ros']
[0.151s] Level 1:colcon.colcon_core.package_identification:_identify(cyberrunner_dreamer_thomas) by extension 'ros'
[0.152s] DEBUG:colcon.colcon_core.package_identification:Package 'cyberrunner_dreamer_thomas' with type 'ros.ament_python' and name 'cyberrunner_dreamer_thomas'
[0.152s] Level 1:colcon.colcon_core.package_identification:_identify(cyberrunner_dynamixel) by extensions ['ignore', 'ignore_ament_install']
[0.152s] Level 1:colcon.colcon_core.package_identification:_identify(cyberrunner_dynamixel) by extension 'ignore'
[0.152s] Level 1:colcon.colcon_core.package_identification:_identify(cyberrunner_dynamixel) by extension 'ignore_ament_install'
[0.152s] Level 1:colcon.colcon_core.package_identification:_identify(cyberrunner_dynamixel) by extensions ['colcon_pkg']
[0.152s] Level 1:colcon.colcon_core.package_identification:_identify(cyberrunner_dynamixel) by extension 'colcon_pkg'
[0.152s] Level 1:colcon.colcon_core.package_identification:_identify(cyberrunner_dynamixel) by extensions ['colcon_meta']
[0.152s] Level 1:colcon.colcon_core.package_identification:_identify(cyberrunner_dynamixel) by extension 'colcon_meta'
[0.152s] Level 1:colcon.colcon_core.package_identification:_identify(cyberrunner_dynamixel) by extensions ['ros']
[0.152s] Level 1:colcon.colcon_core.package_identification:_identify(cyberrunner_dynamixel) by extension 'ros'
[0.153s] DEBUG:colcon.colcon_core.package_identification:Package 'cyberrunner_dynamixel' with type 'ros.ament_cmake' and name 'cyberrunner_dynamixel'
[0.153s] Level 1:colcon.colcon_core.package_identification:_identify(cyberrunner_dynamixel_thomas) by extensions ['ignore', 'ignore_ament_install']
[0.153s] Level 1:colcon.colcon_core.package_identification:_identify(cyberrunner_dynamixel_thomas) by extension 'ignore'
[0.153s] Level 1:colcon.colcon_core.package_identification:_identify(cyberrunner_dynamixel_thomas) by extension 'ignore_ament_install'
[0.153s] Level 1:colcon.colcon_core.package_identification:_identify(cyberrunner_dynamixel_thomas) by extensions ['colcon_pkg']
[0.153s] Level 1:colcon.colcon_core.package_identification:_identify(cyberrunner_dynamixel_thomas) by extension 'colcon_pkg'
[0.153s] Level 1:colcon.colcon_core.package_identification:_identify(cyberrunner_dynamixel_thomas) by extensions ['colcon_meta']
[0.153s] Level 1:colcon.colcon_core.package_identification:_identify(cyberrunner_dynamixel_thomas) by extension 'colcon_meta'
[0.153s] Level 1:colcon.colcon_core.package_identification:_identify(cyberrunner_dynamixel_thomas) by extensions ['ros']
[0.153s] Level 1:colcon.colcon_core.package_identification:_identify(cyberrunner_dynamixel_thomas) by extension 'ros'
[0.153s] DEBUG:colcon.colcon_core.package_identification:Package 'cyberrunner_dynamixel_thomas' with type 'ros.ament_cmake' and name 'cyberrunner_dynamixel_thomas'
[0.153s] Level 1:colcon.colcon_core.package_identification:_identify(cyberrunner_interfaces) by extensions ['ignore', 'ignore_ament_install']
[0.154s] Level 1:colcon.colcon_core.package_identification:_identify(cyberrunner_interfaces) by extension 'ignore'
[0.154s] Level 1:colcon.colcon_core.package_identification:_identify(cyberrunner_interfaces) by extension 'ignore_ament_install'
[0.154s] Level 1:colcon.colcon_core.package_identification:_identify(cyberrunner_interfaces) by extensions ['colcon_pkg']
[0.154s] Level 1:colcon.colcon_core.package_identification:_identify(cyberrunner_interfaces) by extension 'colcon_pkg'
[0.154s] Level 1:colcon.colcon_core.package_identification:_identify(cyberrunner_interfaces) by extensions ['colcon_meta']
[0.154s] Level 1:colcon.colcon_core.package_identification:_identify(cyberrunner_interfaces) by extension 'colcon_meta'
[0.154s] Level 1:colcon.colcon_core.package_identification:_identify(cyberrunner_interfaces) by extensions ['ros']
[0.154s] Level 1:colcon.colcon_core.package_identification:_identify(cyberrunner_interfaces) by extension 'ros'
[0.154s] DEBUG:colcon.colcon_core.package_identification:Package 'cyberrunner_interfaces' with type 'ros.ament_cmake' and name 'cyberrunner_interfaces'
[0.154s] Level 1:colcon.colcon_core.package_identification:_identify(cyberrunner_state_estimation) by extensions ['ignore', 'ignore_ament_install']
[0.154s] Level 1:colcon.colcon_core.package_identification:_identify(cyberrunner_state_estimation) by extension 'ignore'
[0.154s] Level 1:colcon.colcon_core.package_identification:_identify(cyberrunner_state_estimation) by extension 'ignore_ament_install'
[0.154s] Level 1:colcon.colcon_core.package_identification:_identify(cyberrunner_state_estimation) by extensions ['colcon_pkg']
[0.154s] Level 1:colcon.colcon_core.package_identification:_identify(cyberrunner_state_estimation) by extension 'colcon_pkg'
[0.154s] Level 1:colcon.colcon_core.package_identification:_identify(cyberrunner_state_estimation) by extensions ['colcon_meta']
[0.154s] Level 1:colcon.colcon_core.package_identification:_identify(cyberrunner_state_estimation) by extension 'colcon_meta'
[0.154s] Level 1:colcon.colcon_core.package_identification:_identify(cyberrunner_state_estimation) by extensions ['ros']
[0.154s] Level 1:colcon.colcon_core.package_identification:_identify(cyberrunner_state_estimation) by extension 'ros'
[0.155s] DEBUG:colcon.colcon_core.package_identification:Package 'cyberrunner_state_estimation' with type 'ros.ament_python' and name 'cyberrunner_state_estimation'
[0.155s] Level 1:colcon.colcon_core.package_identification:_identify(docs) by extensions ['ignore', 'ignore_ament_install']
[0.155s] Level 1:colcon.colcon_core.package_identification:_identify(docs) by extension 'ignore'
[0.155s] Level 1:colcon.colcon_core.package_identification:_identify(docs) by extension 'ignore_ament_install'
[0.155s] Level 1:colcon.colcon_core.package_identification:_identify(docs) by extensions ['colcon_pkg']
[0.155s] Level 1:colcon.colcon_core.package_identification:_identify(docs) by extension 'colcon_pkg'
[0.155s] Level 1:colcon.colcon_core.package_identification:_identify(docs) by extensions ['colcon_meta']
[0.155s] Level 1:colcon.colcon_core.package_identification:_identify(docs) by extension 'colcon_meta'
[0.155s] Level 1:colcon.colcon_core.package_identification:_identify(docs) by extensions ['ros']
[0.155s] Level 1:colcon.colcon_core.package_identification:_identify(docs) by extension 'ros'
[0.155s] Level 1:colcon.colcon_core.package_identification:_identify(docs) by extensions ['cmake', 'python']
[0.155s] Level 1:colcon.colcon_core.package_identification:_identify(docs) by extension 'cmake'
[0.155s] Level 1:colcon.colcon_core.package_identification:_identify(docs) by extension 'python'
[0.155s] Level 1:colcon.colcon_core.package_identification:_identify(docs) by extensions ['python_setup_py']
[0.155s] Level 1:colcon.colcon_core.package_identification:_identify(docs) by extension 'python_setup_py'
[0.155s] Level 1:colcon.colcon_core.package_identification:_identify(docs/assets) by extensions ['ignore', 'ignore_ament_install']
[0.155s] Level 1:colcon.colcon_core.package_identification:_identify(docs/assets) by extension 'ignore'
[0.155s] Level 1:colcon.colcon_core.package_identification:_identify(docs/assets) by extension 'ignore_ament_install'
[0.155s] Level 1:colcon.colcon_core.package_identification:_identify(docs/assets) by extensions ['colcon_pkg']
[0.155s] Level 1:colcon.colcon_core.package_identification:_identify(docs/assets) by extension 'colcon_pkg'
[0.155s] Level 1:colcon.colcon_core.package_identification:_identify(docs/assets) by extensions ['colcon_meta']
[0.155s] Level 1:colcon.colcon_core.package_identification:_identify(docs/assets) by extension 'colcon_meta'
[0.156s] Level 1:colcon.colcon_core.package_identification:_identify(docs/assets) by extensions ['ros']
[0.156s] Level 1:colcon.colcon_core.package_identification:_identify(docs/assets) by extension 'ros'
[0.156s] Level 1:colcon.colcon_core.package_identification:_identify(docs/assets) by extensions ['cmake', 'python']
[0.156s] Level 1:colcon.colcon_core.package_identification:_identify(docs/assets) by extension 'cmake'
[0.156s] Level 1:colcon.colcon_core.package_identification:_identify(docs/assets) by extension 'python'
[0.156s] Level 1:colcon.colcon_core.package_identification:_identify(docs/assets) by extensions ['python_setup_py']
[0.156s] Level 1:colcon.colcon_core.package_identification:_identify(docs/assets) by extension 'python_setup_py'
[0.156s] Level 1:colcon.colcon_core.package_identification:_identify(docs/assets/camera) by extensions ['ignore', 'ignore_ament_install']
[0.156s] Level 1:colcon.colcon_core.package_identification:_identify(docs/assets/camera) by extension 'ignore'
[0.156s] Level 1:colcon.colcon_core.package_identification:_identify(docs/assets/camera) by extension 'ignore_ament_install'
[0.156s] Level 1:colcon.colcon_core.package_identification:_identify(docs/assets/camera) by extensions ['colcon_pkg']
[0.156s] Level 1:colcon.colcon_core.package_identification:_identify(docs/assets/camera) by extension 'colcon_pkg'
[0.156s] Level 1:colcon.colcon_core.package_identification:_identify(docs/assets/camera) by extensions ['colcon_meta']
[0.156s] Level 1:colcon.colcon_core.package_identification:_identify(docs/assets/camera) by extension 'colcon_meta'
[0.156s] Level 1:colcon.colcon_core.package_identification:_identify(docs/assets/camera) by extensions ['ros']
[0.156s] Level 1:colcon.colcon_core.package_identification:_identify(docs/assets/camera) by extension 'ros'
[0.156s] Level 1:colcon.colcon_core.package_identification:_identify(docs/assets/camera) by extensions ['cmake', 'python']
[0.156s] Level 1:colcon.colcon_core.package_identification:_identify(docs/assets/camera) by extension 'cmake'
[0.156s] Level 1:colcon.colcon_core.package_identification:_identify(docs/assets/camera) by extension 'python'
[0.156s] Level 1:colcon.colcon_core.package_identification:_identify(docs/assets/camera) by extensions ['python_setup_py']
[0.156s] Level 1:colcon.colcon_core.package_identification:_identify(docs/assets/camera) by extension 'python_setup_py'
[0.156s] Level 1:colcon.colcon_core.package_identification:_identify(docs/assets/motors) by extensions ['ignore', 'ignore_ament_install']
[0.156s] Level 1:colcon.colcon_core.package_identification:_identify(docs/assets/motors) by extension 'ignore'
[0.156s] Level 1:colcon.colcon_core.package_identification:_identify(docs/assets/motors) by extension 'ignore_ament_install'
[0.156s] Level 1:colcon.colcon_core.package_identification:_identify(docs/assets/motors) by extensions ['colcon_pkg']
[0.156s] Level 1:colcon.colcon_core.package_identification:_identify(docs/assets/motors) by extension 'colcon_pkg'
[0.156s] Level 1:colcon.colcon_core.package_identification:_identify(docs/assets/motors) by extensions ['colcon_meta']
[0.156s] Level 1:colcon.colcon_core.package_identification:_identify(docs/assets/motors) by extension 'colcon_meta'
[0.156s] Level 1:colcon.colcon_core.package_identification:_identify(docs/assets/motors) by extensions ['ros']
[0.156s] Level 1:colcon.colcon_core.package_identification:_identify(docs/assets/motors) by extension 'ros'
[0.156s] Level 1:colcon.colcon_core.package_identification:_identify(docs/assets/motors) by extensions ['cmake', 'python']
[0.156s] Level 1:colcon.colcon_core.package_identification:_identify(docs/assets/motors) by extension 'cmake'
[0.156s] Level 1:colcon.colcon_core.package_identification:_identify(docs/assets/motors) by extension 'python'
[0.156s] Level 1:colcon.colcon_core.package_identification:_identify(docs/assets/motors) by extensions ['python_setup_py']
[0.156s] Level 1:colcon.colcon_core.package_identification:_identify(docs/assets/motors) by extension 'python_setup_py'
[0.156s] Level 1:colcon.colcon_core.package_identification:_identify(docs/assets/reload) by extensions ['ignore', 'ignore_ament_install']
[0.156s] Level 1:colcon.colcon_core.package_identification:_identify(docs/assets/reload) by extension 'ignore'
[0.156s] Level 1:colcon.colcon_core.package_identification:_identify(docs/assets/reload) by extension 'ignore_ament_install'
[0.156s] Level 1:colcon.colcon_core.package_identification:_identify(docs/assets/reload) by extensions ['colcon_pkg']
[0.156s] Level 1:colcon.colcon_core.package_identification:_identify(docs/assets/reload) by extension 'colcon_pkg'
[0.156s] Level 1:colcon.colcon_core.package_identification:_identify(docs/assets/reload) by extensions ['colcon_meta']
[0.156s] Level 1:colcon.colcon_core.package_identification:_identify(docs/assets/reload) by extension 'colcon_meta'
[0.156s] Level 1:colcon.colcon_core.package_identification:_identify(docs/assets/reload) by extensions ['ros']
[0.156s] Level 1:colcon.colcon_core.package_identification:_identify(docs/assets/reload) by extension 'ros'
[0.156s] Level 1:colcon.colcon_core.package_identification:_identify(docs/assets/reload) by extensions ['cmake', 'python']
[0.156s] Level 1:colcon.colcon_core.package_identification:_identify(docs/assets/reload) by extension 'cmake'
[0.156s] Level 1:colcon.colcon_core.package_identification:_identify(docs/assets/reload) by extension 'python'
[0.156s] Level 1:colcon.colcon_core.package_identification:_identify(docs/assets/reload) by extensions ['python_setup_py']
[0.156s] Level 1:colcon.colcon_core.package_identification:_identify(docs/assets/reload) by extension 'python_setup_py'
[0.156s] Level 1:colcon.colcon_core.package_identification:_identify(docs/assets/reload/arduino) by extensions ['ignore', 'ignore_ament_install']
[0.156s] Level 1:colcon.colcon_core.package_identification:_identify(docs/assets/reload/arduino) by extension 'ignore'
[0.157s] Level 1:colcon.colcon_core.package_identification:_identify(docs/assets/reload/arduino) by extension 'ignore_ament_install'
[0.157s] Level 1:colcon.colcon_core.package_identification:_identify(docs/assets/reload/arduino) by extensions ['colcon_pkg']
[0.157s] Level 1:colcon.colcon_core.package_identification:_identify(docs/assets/reload/arduino) by extension 'colcon_pkg'
[0.157s] Level 1:colcon.colcon_core.package_identification:_identify(docs/assets/reload/arduino) by extensions ['colcon_meta']
[0.157s] Level 1:colcon.colcon_core.package_identification:_identify(docs/assets/reload/arduino) by extension 'colcon_meta'
[0.157s] Level 1:colcon.colcon_core.package_identification:_identify(docs/assets/reload/arduino) by extensions ['ros']
[0.157s] Level 1:colcon.colcon_core.package_identification:_identify(docs/assets/reload/arduino) by extension 'ros'
[0.157s] Level 1:colcon.colcon_core.package_identification:_identify(docs/assets/reload/arduino) by extensions ['cmake', 'python']
[0.157s] Level 1:colcon.colcon_core.package_identification:_identify(docs/assets/reload/arduino) by extension 'cmake'
[0.157s] Level 1:colcon.colcon_core.package_identification:_identify(docs/assets/reload/arduino) by extension 'python'
[0.157s] Level 1:colcon.colcon_core.package_identification:_identify(docs/assets/reload/arduino) by extensions ['python_setup_py']
[0.157s] Level 1:colcon.colcon_core.package_identification:_identify(docs/assets/reload/arduino) by extension 'python_setup_py'
[0.157s] Level 1:colcon.colcon_core.package_identification:_identify(docs/img) by extensions ['ignore', 'ignore_ament_install']
[0.157s] Level 1:colcon.colcon_core.package_identification:_identify(docs/img) by extension 'ignore'
[0.157s] Level 1:colcon.colcon_core.package_identification:_identify(docs/img) by extension 'ignore_ament_install'
[0.157s] Level 1:colcon.colcon_core.package_identification:_identify(docs/img) by extensions ['colcon_pkg']
[0.157s] Level 1:colcon.colcon_core.package_identification:_identify(docs/img) by extension 'colcon_pkg'
[0.157s] Level 1:colcon.colcon_core.package_identification:_identify(docs/img) by extensions ['colcon_meta']
[0.157s] Level 1:colcon.colcon_core.package_identification:_identify(docs/img) by extension 'colcon_meta'
[0.157s] Level 1:colcon.colcon_core.package_identification:_identify(docs/img) by extensions ['ros']
[0.157s] Level 1:colcon.colcon_core.package_identification:_identify(docs/img) by extension 'ros'
[0.157s] Level 1:colcon.colcon_core.package_identification:_identify(docs/img) by extensions ['cmake', 'python']
[0.157s] Level 1:colcon.colcon_core.package_identification:_identify(docs/img) by extension 'cmake'
[0.157s] Level 1:colcon.colcon_core.package_identification:_identify(docs/img) by extension 'python'
[0.157s] Level 1:colcon.colcon_core.package_identification:_identify(docs/img) by extensions ['python_setup_py']
[0.157s] Level 1:colcon.colcon_core.package_identification:_identify(docs/img) by extension 'python_setup_py'
[0.157s] Level 1:colcon.colcon_core.package_identification:_identify(dreamerv3) by extensions ['ignore', 'ignore_ament_install']
[0.157s] Level 1:colcon.colcon_core.package_identification:_identify(dreamerv3) by extension 'ignore'
[0.157s] Level 1:colcon.colcon_core.package_identification:_identify(dreamerv3) ignored
[0.157s] Level 1:colcon.colcon_core.package_identification:_identify(install) by extensions ['ignore', 'ignore_ament_install']
[0.157s] Level 1:colcon.colcon_core.package_identification:_identify(install) by extension 'ignore'
[0.157s] Level 1:colcon.colcon_core.package_identification:_identify(install) ignored
[0.157s] Level 1:colcon.colcon_core.package_identification:_identify(log) by extensions ['ignore', 'ignore_ament_install']
[0.157s] Level 1:colcon.colcon_core.package_identification:_identify(log) by extension 'ignore'
[0.157s] Level 1:colcon.colcon_core.package_identification:_identify(log) ignored
[0.157s] Level 1:colcon.colcon_core.package_identification:_identify(run_logs) by extensions ['ignore', 'ignore_ament_install']
[0.157s] Level 1:colcon.colcon_core.package_identification:_identify(run_logs) by extension 'ignore'
[0.157s] Level 1:colcon.colcon_core.package_identification:_identify(run_logs) by extension 'ignore_ament_install'
[0.157s] Level 1:colcon.colcon_core.package_identification:_identify(run_logs) by extensions ['colcon_pkg']
[0.157s] Level 1:colcon.colcon_core.package_identification:_identify(run_logs) by extension 'colcon_pkg'
[0.157s] Level 1:colcon.colcon_core.package_identification:_identify(run_logs) by extensions ['colcon_meta']
[0.157s] Level 1:colcon.colcon_core.package_identification:_identify(run_logs) by extension 'colcon_meta'
[0.157s] Level 1:colcon.colcon_core.package_identification:_identify(run_logs) by extensions ['ros']
[0.157s] Level 1:colcon.colcon_core.package_identification:_identify(run_logs) by extension 'ros'
[0.157s] Level 1:colcon.colcon_core.package_identification:_identify(run_logs) by extensions ['cmake', 'python']
[0.157s] Level 1:colcon.colcon_core.package_identification:_identify(run_logs) by extension 'cmake'
[0.157s] Level 1:colcon.colcon_core.package_identification:_identify(run_logs) by extension 'python'
[0.157s] Level 1:colcon.colcon_core.package_identification:_identify(run_logs) by extensions ['python_setup_py']
[0.157s] Level 1:colcon.colcon_core.package_identification:_identify(run_logs) by extension 'python_setup_py'
[0.158s] Level 1:colcon.colcon_core.package_identification:_identify(scripts) by extensions ['ignore', 'ignore_ament_install']
[0.158s] Level 1:colcon.colcon_core.package_identification:_identify(scripts) by extension 'ignore'
[0.158s] Level 1:colcon.colcon_core.package_identification:_identify(scripts) by extension 'ignore_ament_install'
[0.158s] Level 1:colcon.colcon_core.package_identification:_identify(scripts) by extensions ['colcon_pkg']
[0.158s] Level 1:colcon.colcon_core.package_identification:_identify(scripts) by extension 'colcon_pkg'
[0.158s] Level 1:colcon.colcon_core.package_identification:_identify(scripts) by extensions ['colcon_meta']
[0.158s] Level 1:colcon.colcon_core.package_identification:_identify(scripts) by extension 'colcon_meta'
[0.158s] Level 1:colcon.colcon_core.package_identification:_identify(scripts) by extensions ['ros']
[0.158s] Level 1:colcon.colcon_core.package_identification:_identify(scripts) by extension 'ros'
[0.158s] Level 1:colcon.colcon_core.package_identification:_identify(scripts) by extensions ['cmake', 'python']
[0.158s] Level 1:colcon.colcon_core.package_identification:_identify(scripts) by extension 'cmake'
[0.158s] Level 1:colcon.colcon_core.package_identification:_identify(scripts) by extension 'python'
[0.158s] Level 1:colcon.colcon_core.package_identification:_identify(scripts) by extensions ['python_setup_py']
[0.158s] Level 1:colcon.colcon_core.package_identification:_identify(scripts) by extension 'python_setup_py'
[0.158s] Level 1:colcon.colcon_core.package_identification:_identify(scripts/__pycache__) by extensions ['ignore', 'ignore_ament_install']
[0.158s] Level 1:colcon.colcon_core.package_identification:_identify(scripts/__pycache__) by extension 'ignore'
[0.158s] Level 1:colcon.colcon_core.package_identification:_identify(scripts/__pycache__) by extension 'ignore_ament_install'
[0.158s] Level 1:colcon.colcon_core.package_identification:_identify(scripts/__pycache__) by extensions ['colcon_pkg']
[0.158s] Level 1:colcon.colcon_core.package_identification:_identify(scripts/__pycache__) by extension 'colcon_pkg'
[0.158s] Level 1:colcon.colcon_core.package_identification:_identify(scripts/__pycache__) by extensions ['colcon_meta']
[0.158s] Level 1:colcon.colcon_core.package_identification:_identify(scripts/__pycache__) by extension 'colcon_meta'
[0.158s] Level 1:colcon.colcon_core.package_identification:_identify(scripts/__pycache__) by extensions ['ros']
[0.158s] Level 1:colcon.colcon_core.package_identification:_identify(scripts/__pycache__) by extension 'ros'
[0.158s] Level 1:colcon.colcon_core.package_identification:_identify(scripts/__pycache__) by extensions ['cmake', 'python']
[0.158s] Level 1:colcon.colcon_core.package_identification:_identify(scripts/__pycache__) by extension 'cmake'
[0.158s] Level 1:colcon.colcon_core.package_identification:_identify(scripts/__pycache__) by extension 'python'
[0.158s] Level 1:colcon.colcon_core.package_identification:_identify(scripts/__pycache__) by extensions ['python_setup_py']
[0.158s] Level 1:colcon.colcon_core.package_identification:_identify(scripts/__pycache__) by extension 'python_setup_py'
[0.158s] Level 1:colcon.colcon_core.package_identification:_identify(third_party) by extensions ['ignore', 'ignore_ament_install']
[0.158s] Level 1:colcon.colcon_core.package_identification:_identify(third_party) by extension 'ignore'
[0.158s] Level 1:colcon.colcon_core.package_identification:_identify(third_party) by extension 'ignore_ament_install'
[0.158s] Level 1:colcon.colcon_core.package_identification:_identify(third_party) by extensions ['colcon_pkg']
[0.158s] Level 1:colcon.colcon_core.package_identification:_identify(third_party) by extension 'colcon_pkg'
[0.158s] Level 1:colcon.colcon_core.package_identification:_identify(third_party) by extensions ['colcon_meta']
[0.158s] Level 1:colcon.colcon_core.package_identification:_identify(third_party) by extension 'colcon_meta'
[0.158s] Level 1:colcon.colcon_core.package_identification:_identify(third_party) by extensions ['ros']
[0.158s] Level 1:colcon.colcon_core.package_identification:_identify(third_party) by extension 'ros'
[0.158s] Level 1:colcon.colcon_core.package_identification:_identify(third_party) by extensions ['cmake', 'python']
[0.158s] Level 1:colcon.colcon_core.package_identification:_identify(third_party) by extension 'cmake'
[0.158s] Level 1:colcon.colcon_core.package_identification:_identify(third_party) by extension 'python'
[0.158s] Level 1:colcon.colcon_core.package_identification:_identify(third_party) by extensions ['python_setup_py']
[0.158s] Level 1:colcon.colcon_core.package_identification:_identify(third_party) by extension 'python_setup_py'
[0.158s] Level 1:colcon.colcon_core.package_identification:_identify(third_party/thomasbi1_cyberrunner) by extensions ['ignore', 'ignore_ament_install']
[0.158s] Level 1:colcon.colcon_core.package_identification:_identify(third_party/thomasbi1_cyberrunner) by extension 'ignore'
[0.158s] Level 1:colcon.colcon_core.package_identification:_identify(third_party/thomasbi1_cyberrunner) ignored
[0.158s] Level 1:colcon.colcon_core.package_discovery:discover_packages(recursive) using defaults
[0.158s] Level 1:colcon.colcon_core.package_discovery:discover_packages(ignore) discover
[0.158s] Level 1:colcon.colcon_core.package_discovery:discover_packages(ignore) using defaults
[0.158s] Level 1:colcon.colcon_core.package_discovery:discover_packages(path) discover
[0.158s] Level 1:colcon.colcon_core.package_discovery:discover_packages(path) using defaults
[0.173s] Level 1:colcon.colcon_core.package_discovery:discover_packages(prefix_path) check parameters
[0.174s] Level 1:colcon.colcon_core.package_discovery:discover_packages(prefix_path) discover
[0.175s] WARNING:colcon.colcon_ros.prefix_path.ament:The path '/home/trungbao/CYBER/cyberruner-main/install/cyberrunner_state_estimation' in the environment variable AMENT_PREFIX_PATH doesn't exist
[0.175s] WARNING:colcon.colcon_ros.prefix_path.ament:The path '/home/trungbao/CYBER/cyberruner-main/install/cyberrunner_dynamixel_thomas' in the environment variable AMENT_PREFIX_PATH doesn't exist
[0.175s] WARNING:colcon.colcon_ros.prefix_path.ament:The path '/home/trungbao/CYBER/cyberruner-main/install/cyberrunner_dynamixel' in the environment variable AMENT_PREFIX_PATH doesn't exist
[0.175s] WARNING:colcon.colcon_ros.prefix_path.ament:The path '/home/trungbao/CYBER/cyberruner-main/install/cyberrunner_dreamer_thomas' in the environment variable AMENT_PREFIX_PATH doesn't exist
[0.175s] WARNING:colcon.colcon_ros.prefix_path.ament:The path '/home/trungbao/CYBER/cyberruner-main/install/cyberrunner_dreamer' in the environment variable AMENT_PREFIX_PATH doesn't exist
[0.175s] WARNING:colcon.colcon_ros.prefix_path.ament:The path '/home/trungbao/CYBER/cyberruner-main/install/cyberrunner_interfaces' in the environment variable AMENT_PREFIX_PATH doesn't exist
[0.175s] WARNING:colcon.colcon_ros.prefix_path.ament:The path '/home/trungbao/CYBER/cyberruner-main/install/cyberrunner_camera' in the environment variable AMENT_PREFIX_PATH doesn't exist
[0.175s] WARNING:colcon.colcon_ros.prefix_path.catkin:The path '/home/trungbao/CYBER/cyberruner-main/install/cyberrunner_dynamixel_thomas' in the environment variable CMAKE_PREFIX_PATH doesn't exist
[0.175s] WARNING:colcon.colcon_ros.prefix_path.catkin:The path '/home/trungbao/CYBER/cyberruner-main/install/cyberrunner_dynamixel' in the environment variable CMAKE_PREFIX_PATH doesn't exist
[0.175s] WARNING:colcon.colcon_ros.prefix_path.catkin:The path '/home/trungbao/CYBER/cyberruner-main/install/cyberrunner_interfaces' in the environment variable CMAKE_PREFIX_PATH doesn't exist
[0.175s] WARNING:colcon.colcon_ros.prefix_path.catkin:The path '/home/trungbao/CYBER/cyberruner-main/install/cyberrunner_camera' in the environment variable CMAKE_PREFIX_PATH doesn't exist
[0.175s] DEBUG:colcon.colcon_installed_package_information.package_discovery:Found 8 installed packages in /home/trungbao/cyberrunner_ws/install
[0.176s] DEBUG:colcon.colcon_installed_package_information.package_discovery:Found 0 installed packages in /home/trungbao/CYBER/cyberruner-main/install
[0.176s] DEBUG:colcon.colcon_installed_package_information.package_discovery:Found 274 installed packages in /opt/ros/humble
[0.177s] Level 1:colcon.colcon_core.package_discovery:discover_packages(prefix_path) using defaults
[0.206s] WARNING:colcon.colcon_core.package_selection:Some selected packages are already built in one or more underlay workspaces:
	'cyberrunner_interfaces' is in: /home/trungbao/cyberrunner_ws/install/cyberrunner_interfaces
If a package in a merged underlay workspace is overridden and it installs headers, then all packages in the overlay must sort their include directories by workspace order. Failure to do so may result in build failures or undefined behavior at run time.
If the overridden package is used by another package in any underlay, then the overriding package in the overlay must be API and ABI compatible or undefined behavior at run time may occur.

If you understand the risks and want to override a package anyways, add the following to the command line:
	--allow-overriding cyberrunner_interfaces

This may be promoted to an error in a future release of colcon-override-check.
[0.207s] Level 5:colcon.colcon_core.verb:set package 'cyberrunner_camera' build argument 'cmake_args' from command line to 'None'
[0.207s] Level 5:colcon.colcon_core.verb:set package 'cyberrunner_camera' build argument 'cmake_target' from command line to 'None'
[0.207s] Level 5:colcon.colcon_core.verb:set package 'cyberrunner_camera' build argument 'cmake_target_skip_unavailable' from command line to 'False'
[0.207s] Level 5:colcon.colcon_core.verb:set package 'cyberrunner_camera' build argument 'cmake_clean_cache' from command line to 'False'
[0.207s] Level 5:colcon.colcon_core.verb:set package 'cyberrunner_camera' build argument 'cmake_clean_first' from command line to 'False'
[0.207s] Level 5:colcon.colcon_core.verb:set package 'cyberrunner_camera' build argument 'cmake_force_configure' from command line to 'False'
[0.207s] Level 5:colcon.colcon_core.verb:set package 'cyberrunner_camera' build argument 'ament_cmake_args' from command line to 'None'
[0.207s] Level 5:colcon.colcon_core.verb:set package 'cyberrunner_camera' build argument 'catkin_cmake_args' from command line to 'None'
[0.207s] Level 5:colcon.colcon_core.verb:set package 'cyberrunner_camera' build argument 'catkin_skip_building_tests' from command line to 'False'
[0.207s] DEBUG:colcon.colcon_core.verb:Building package 'cyberrunner_camera' with the following arguments: {'ament_cmake_args': None, 'build_base': '/home/trungbao/CYBER/cyberruner-main/build/cyberrunner_camera', 'catkin_cmake_args': None, 'catkin_skip_building_tests': False, 'cmake_args': None, 'cmake_clean_cache': False, 'cmake_clean_first': False, 'cmake_force_configure': False, 'cmake_target': None, 'cmake_target_skip_unavailable': False, 'install_base': '/home/trungbao/CYBER/cyberruner-main/install/cyberrunner_camera', 'merge_install': False, 'path': '/home/trungbao/CYBER/cyberruner-main/cyberrunner_camera', 'symlink_install': True, 'test_result_base': None}
[0.207s] Level 5:colcon.colcon_core.verb:set package 'cyberrunner_interfaces' build argument 'cmake_args' from command line to 'None'
[0.207s] Level 5:colcon.colcon_core.verb:set package 'cyberrunner_interfaces' build argument 'cmake_target' from command line to 'None'
[0.207s] Level 5:colcon.colcon_core.verb:set package 'cyberrunner_interfaces' build argument 'cmake_target_skip_unavailable' from command line to 'False'
[0.207s] Level 5:colcon.colcon_core.verb:set package 'cyberrunner_interfaces' build argument 'cmake_clean_cache' from command line to 'False'
[0.207s] Level 5:colcon.colcon_core.verb:set package 'cyberrunner_interfaces' build argument 'cmake_clean_first' from command line to 'False'
[0.207s] Level 5:colcon.colcon_core.verb:set package 'cyberrunner_interfaces' build argument 'cmake_force_configure' from command line to 'False'
[0.207s] Level 5:colcon.colcon_core.verb:set package 'cyberrunner_interfaces' build argument 'ament_cmake_args' from command line to 'None'
[0.207s] Level 5:colcon.colcon_core.verb:set package 'cyberrunner_interfaces' build argument 'catkin_cmake_args' from command line to 'None'
[0.207s] Level 5:colcon.colcon_core.verb:set package 'cyberrunner_interfaces' build argument 'catkin_skip_building_tests' from command line to 'False'
[0.207s] DEBUG:colcon.colcon_core.verb:Building package 'cyberrunner_interfaces' with the following arguments: {'ament_cmake_args': None, 'build_base': '/home/trungbao/CYBER/cyberruner-main/build/cyberrunner_interfaces', 'catkin_cmake_args': None, 'catkin_skip_building_tests': False, 'cmake_args': None, 'cmake_clean_cache': False, 'cmake_clean_first': False, 'cmake_force_configure': False, 'cmake_target': None, 'cmake_target_skip_unavailable': False, 'install_base': '/home/trungbao/CYBER/cyberruner-main/install/cyberrunner_interfaces', 'merge_install': False, 'path': '/home/trungbao/CYBER/cyberruner-main/cyberrunner_interfaces', 'symlink_install': True, 'test_result_base': None}
[0.207s] Level 5:colcon.colcon_core.verb:set package 'cyberrunner_dreamer' build argument 'cmake_args' from command line to 'None'
[0.207s] Level 5:colcon.colcon_core.verb:set package 'cyberrunner_dreamer' build argument 'cmake_target' from command line to 'None'
[0.207s] Level 5:colcon.colcon_core.verb:set package 'cyberrunner_dreamer' build argument 'cmake_target_skip_unavailable' from command line to 'False'
[0.207s] Level 5:colcon.colcon_core.verb:set package 'cyberrunner_dreamer' build argument 'cmake_clean_cache' from command line to 'False'
[0.207s] Level 5:colcon.colcon_core.verb:set package 'cyberrunner_dreamer' build argument 'cmake_clean_first' from command line to 'False'
[0.207s] Level 5:colcon.colcon_core.verb:set package 'cyberrunner_dreamer' build argument 'cmake_force_configure' from command line to 'False'
[0.207s] Level 5:colcon.colcon_core.verb:set package 'cyberrunner_dreamer' build argument 'ament_cmake_args' from command line to 'None'
[0.207s] Level 5:colcon.colcon_core.verb:set package 'cyberrunner_dreamer' build argument 'catkin_cmake_args' from command line to 'None'
[0.207s] Level 5:colcon.colcon_core.verb:set package 'cyberrunner_dreamer' build argument 'catkin_skip_building_tests' from command line to 'False'
[0.207s] DEBUG:colcon.colcon_core.verb:Building package 'cyberrunner_dreamer' with the following arguments: {'ament_cmake_args': None, 'build_base': '/home/trungbao/CYBER/cyberruner-main/build/cyberrunner_dreamer', 'catkin_cmake_args': None, 'catkin_skip_building_tests': False, 'cmake_args': None, 'cmake_clean_cache': False, 'cmake_clean_first': False, 'cmake_force_configure': False, 'cmake_target': None, 'cmake_target_skip_unavailable': False, 'install_base': '/home/trungbao/CYBER/cyberruner-main/install/cyberrunner_dreamer', 'merge_install': False, 'path': '/home/trungbao/CYBER/cyberruner-main/cyberrunner_dreamer', 'symlink_install': True, 'test_result_base': None}
[0.208s] Level 5:colcon.colcon_core.verb:set package 'cyberrunner_dreamer_thomas' build argument 'cmake_args' from command line to 'None'
[0.208s] Level 5:colcon.colcon_core.verb:set package 'cyberrunner_dreamer_thomas' build argument 'cmake_target' from command line to 'None'
[0.208s] Level 5:colcon.colcon_core.verb:set package 'cyberrunner_dreamer_thomas' build argument 'cmake_target_skip_unavailable' from command line to 'False'
[0.208s] Level 5:colcon.colcon_core.verb:set package 'cyberrunner_dreamer_thomas' build argument 'cmake_clean_cache' from command line to 'False'
[0.208s] Level 5:colcon.colcon_core.verb:set package 'cyberrunner_dreamer_thomas' build argument 'cmake_clean_first' from command line to 'False'
[0.208s] Level 5:colcon.colcon_core.verb:set package 'cyberrunner_dreamer_thomas' build argument 'cmake_force_configure' from command line to 'False'
[0.208s] Level 5:colcon.colcon_core.verb:set package 'cyberrunner_dreamer_thomas' build argument 'ament_cmake_args' from command line to 'None'
[0.208s] Level 5:colcon.colcon_core.verb:set package 'cyberrunner_dreamer_thomas' build argument 'catkin_cmake_args' from command line to 'None'
[0.208s] Level 5:colcon.colcon_core.verb:set package 'cyberrunner_dreamer_thomas' build argument 'catkin_skip_building_tests' from command line to 'False'
[0.208s] DEBUG:colcon.colcon_core.verb:Building package 'cyberrunner_dreamer_thomas' with the following arguments: {'ament_cmake_args': None, 'build_base': '/home/trungbao/CYBER/cyberruner-main/build/cyberrunner_dreamer_thomas', 'catkin_cmake_args': None, 'catkin_skip_building_tests': False, 'cmake_args': None, 'cmake_clean_cache': False, 'cmake_clean_first': False, 'cmake_force_configure': False, 'cmake_target': None, 'cmake_target_skip_unavailable': False, 'install_base': '/home/trungbao/CYBER/cyberruner-main/install/cyberrunner_dreamer_thomas', 'merge_install': False, 'path': '/home/trungbao/CYBER/cyberruner-main/cyberrunner_dreamer_thomas', 'symlink_install': True, 'test_result_base': None}
[0.208s] Level 5:colcon.colcon_core.verb:set package 'cyberrunner_dynamixel' build argument 'cmake_args' from command line to 'None'
[0.208s] Level 5:colcon.colcon_core.verb:set package 'cyberrunner_dynamixel' build argument 'cmake_target' from command line to 'None'
[0.208s] Level 5:colcon.colcon_core.verb:set package 'cyberrunner_dynamixel' build argument 'cmake_target_skip_unavailable' from command line to 'False'
[0.208s] Level 5:colcon.colcon_core.verb:set package 'cyberrunner_dynamixel' build argument 'cmake_clean_cache' from command line to 'False'
[0.208s] Level 5:colcon.colcon_core.verb:set package 'cyberrunner_dynamixel' build argument 'cmake_clean_first' from command line to 'False'
[0.208s] Level 5:colcon.colcon_core.verb:set package 'cyberrunner_dynamixel' build argument 'cmake_force_configure' from command line to 'False'
[0.208s] Level 5:colcon.colcon_core.verb:set package 'cyberrunner_dynamixel' build argument 'ament_cmake_args' from command line to 'None'
[0.208s] Level 5:colcon.colcon_core.verb:set package 'cyberrunner_dynamixel' build argument 'catkin_cmake_args' from command line to 'None'
[0.208s] Level 5:colcon.colcon_core.verb:set package 'cyberrunner_dynamixel' build argument 'catkin_skip_building_tests' from command line to 'False'
[0.208s] DEBUG:colcon.colcon_core.verb:Building package 'cyberrunner_dynamixel' with the following arguments: {'ament_cmake_args': None, 'build_base': '/home/trungbao/CYBER/cyberruner-main/build/cyberrunner_dynamixel', 'catkin_cmake_args': None, 'catkin_skip_building_tests': False, 'cmake_args': None, 'cmake_clean_cache': False, 'cmake_clean_first': False, 'cmake_force_configure': False, 'cmake_target': None, 'cmake_target_skip_unavailable': False, 'install_base': '/home/trungbao/CYBER/cyberruner-main/install/cyberrunner_dynamixel', 'merge_install': False, 'path': '/home/trungbao/CYBER/cyberruner-main/cyberrunner_dynamixel', 'symlink_install': True, 'test_result_base': None}
[0.208s] Level 5:colcon.colcon_core.verb:set package 'cyberrunner_dynamixel_thomas' build argument 'cmake_args' from command line to 'None'
[0.208s] Level 5:colcon.colcon_core.verb:set package 'cyberrunner_dynamixel_thomas' build argument 'cmake_target' from command line to 'None'
[0.208s] Level 5:colcon.colcon_core.verb:set package 'cyberrunner_dynamixel_thomas' build argument 'cmake_target_skip_unavailable' from command line to 'False'
[0.208s] Level 5:colcon.colcon_core.verb:set package 'cyberrunner_dynamixel_thomas' build argument 'cmake_clean_cache' from command line to 'False'
[0.208s] Level 5:colcon.colcon_core.verb:set package 'cyberrunner_dynamixel_thomas' build argument 'cmake_clean_first' from command line to 'False'
[0.208s] Level 5:colcon.colcon_core.verb:set package 'cyberrunner_dynamixel_thomas' build argument 'cmake_force_configure' from command line to 'False'
[0.208s] Level 5:colcon.colcon_core.verb:set package 'cyberrunner_dynamixel_thomas' build argument 'ament_cmake_args' from command line to 'None'
[0.208s] Level 5:colcon.colcon_core.verb:set package 'cyberrunner_dynamixel_thomas' build argument 'catkin_cmake_args' from command line to 'None'
[0.208s] Level 5:colcon.colcon_core.verb:set package 'cyberrunner_dynamixel_thomas' build argument 'catkin_skip_building_tests' from command line to 'False'
[0.208s] DEBUG:colcon.colcon_core.verb:Building package 'cyberrunner_dynamixel_thomas' with the following arguments: {'ament_cmake_args': None, 'build_base': '/home/trungbao/CYBER/cyberruner-main/build/cyberrunner_dynamixel_thomas', 'catkin_cmake_args': None, 'catkin_skip_building_tests': False, 'cmake_args': None, 'cmake_clean_cache': False, 'cmake_clean_first': False, 'cmake_force_configure': False, 'cmake_target': None, 'cmake_target_skip_unavailable': False, 'install_base': '/home/trungbao/CYBER/cyberruner-main/install/cyberrunner_dynamixel_thomas', 'merge_install': False, 'path': '/home/trungbao/CYBER/cyberruner-main/cyberrunner_dynamixel_thomas', 'symlink_install': True, 'test_result_base': None}
[0.208s] Level 5:colcon.colcon_core.verb:set package 'cyberrunner_state_estimation' build argument 'cmake_args' from command line to 'None'
[0.208s] Level 5:colcon.colcon_core.verb:set package 'cyberrunner_state_estimation' build argument 'cmake_target' from command line to 'None'
[0.208s] Level 5:colcon.colcon_core.verb:set package 'cyberrunner_state_estimation' build argument 'cmake_target_skip_unavailable' from command line to 'False'
[0.208s] Level 5:colcon.colcon_core.verb:set package 'cyberrunner_state_estimation' build argument 'cmake_clean_cache' from command line to 'False'
[0.208s] Level 5:colcon.colcon_core.verb:set package 'cyberrunner_state_estimation' build argument 'cmake_clean_first' from command line to 'False'
[0.208s] Level 5:colcon.colcon_core.verb:set package 'cyberrunner_state_estimation' build argument 'cmake_force_configure' from command line to 'False'
[0.208s] Level 5:colcon.colcon_core.verb:set package 'cyberrunner_state_estimation' build argument 'ament_cmake_args' from command line to 'None'
[0.208s] Level 5:colcon.colcon_core.verb:set package 'cyberrunner_state_estimation' build argument 'catkin_cmake_args' from command line to 'None'
[0.208s] Level 5:colcon.colcon_core.verb:set package 'cyberrunner_state_estimation' build argument 'catkin_skip_building_tests' from command line to 'False'
[0.208s] DEBUG:colcon.colcon_core.verb:Building package 'cyberrunner_state_estimation' with the following arguments: {'ament_cmake_args': None, 'build_base': '/home/trungbao/CYBER/cyberruner-main/build/cyberrunner_state_estimation', 'catkin_cmake_args': None, 'catkin_skip_building_tests': False, 'cmake_args': None, 'cmake_clean_cache': False, 'cmake_clean_first': False, 'cmake_force_configure': False, 'cmake_target': None, 'cmake_target_skip_unavailable': False, 'install_base': '/home/trungbao/CYBER/cyberruner-main/install/cyberrunner_state_estimation', 'merge_install': False, 'path': '/home/trungbao/CYBER/cyberruner-main/cyberrunner_state_estimation', 'symlink_install': True, 'test_result_base': None}
[0.208s] INFO:colcon.colcon_core.executor:Executing jobs using 'parallel' executor
[0.209s] DEBUG:colcon.colcon_parallel_executor.executor.parallel:run_until_complete
[0.209s] INFO:colcon.colcon_ros.task.ament_cmake.build:Building ROS package in '/home/trungbao/CYBER/cyberruner-main/cyberrunner_interfaces' with build type 'ament_cmake'
[0.209s] INFO:colcon.colcon_cmake.task.cmake.build:Building CMake package in '/home/trungbao/CYBER/cyberruner-main/cyberrunner_interfaces'
[0.213s] INFO:colcon.colcon_core.plugin_system:Skipping extension 'colcon_core.shell.bat': Not used on non-Windows systems
[0.213s] INFO:colcon.colcon_core.shell:Skip shell extension 'powershell' for command environment: Not usable outside of PowerShell
[0.213s] DEBUG:colcon.colcon_core.shell:Skip shell extension 'dsv' for command environment
[0.216s] INFO:colcon.colcon_ros.task.ament_cmake.build:Building ROS package in '/home/trungbao/CYBER/cyberruner-main/cyberrunner_camera' with build type 'ament_cmake'
[0.216s] INFO:colcon.colcon_cmake.task.cmake.build:Building CMake package in '/home/trungbao/CYBER/cyberruner-main/cyberrunner_camera'
[0.216s] INFO:colcon.colcon_core.shell:Skip shell extension 'powershell' for command environment: Not usable outside of PowerShell
[0.216s] DEBUG:colcon.colcon_core.shell:Skip shell extension 'dsv' for command environment
[0.219s] DEBUG:colcon.colcon_core.event_handler.log_command:Invoking command in '/home/trungbao/CYBER/cyberruner-main/build/cyberrunner_interfaces': CMAKE_PREFIX_PATH=${CMAKE_PREFIX_PATH}:/home/trungbao/cyberrunner_ws/install/cyberrunner_vision:/home/trungbao/cyberrunner_ws/install/cyberrunner_state_estimation:/home/trungbao/cyberrunner_ws/install/cyberrunner_pid:/home/trungbao/cyberrunner_ws/install/cyberrunner_dreamer:/home/trungbao/cyberrunner_ws/install/cyberrunner_hiwonder:/home/trungbao/CYBER/cyberruner-main/install/cyberrunner_state_estimation:/home/trungbao/CYBER/cyberruner-main/install/cyberrunner_dreamer_thomas:/home/trungbao/CYBER/cyberruner-main/install/cyberrunner_dreamer:/opt/ros/humble /usr/bin/cmake /home/trungbao/CYBER/cyberruner-main/cyberrunner_interfaces -DAMENT_CMAKE_SYMLINK_INSTALL=1 -DCMAKE_INSTALL_PREFIX=/home/trungbao/CYBER/cyberruner-main/install/cyberrunner_interfaces
[0.222s] DEBUG:colcon.colcon_core.event_handler.log_command:Invoking command in '/home/trungbao/CYBER/cyberruner-main/build/cyberrunner_camera': CMAKE_PREFIX_PATH=${CMAKE_PREFIX_PATH}:/home/trungbao/cyberrunner_ws/install/cyberrunner_vision:/home/trungbao/cyberrunner_ws/install/cyberrunner_state_estimation:/home/trungbao/cyberrunner_ws/install/cyberrunner_pid:/home/trungbao/cyberrunner_ws/install/cyberrunner_dreamer:/home/trungbao/cyberrunner_ws/install/cyberrunner_hiwonder:/home/trungbao/CYBER/cyberruner-main/install/cyberrunner_state_estimation:/home/trungbao/CYBER/cyberruner-main/install/cyberrunner_dreamer_thomas:/home/trungbao/CYBER/cyberruner-main/install/cyberrunner_dreamer:/opt/ros/humble /usr/bin/cmake /home/trungbao/CYBER/cyberruner-main/cyberrunner_camera -DAMENT_CMAKE_SYMLINK_INSTALL=1 -DCMAKE_INSTALL_PREFIX=/home/trungbao/CYBER/cyberruner-main/install/cyberrunner_camera
[1.316s] DEBUG:colcon.colcon_core.event_handler.log_command:Invoked command in '/home/trungbao/CYBER/cyberruner-main/build/cyberrunner_camera' returned '0': CMAKE_PREFIX_PATH=${CMAKE_PREFIX_PATH}:/home/trungbao/cyberrunner_ws/install/cyberrunner_vision:/home/trungbao/cyberrunner_ws/install/cyberrunner_state_estimation:/home/trungbao/cyberrunner_ws/install/cyberrunner_pid:/home/trungbao/cyberrunner_ws/install/cyberrunner_dreamer:/home/trungbao/cyberrunner_ws/install/cyberrunner_hiwonder:/home/trungbao/CYBER/cyberruner-main/install/cyberrunner_state_estimation:/home/trungbao/CYBER/cyberruner-main/install/cyberrunner_dreamer_thomas:/home/trungbao/CYBER/cyberruner-main/install/cyberrunner_dreamer:/opt/ros/humble /usr/bin/cmake /home/trungbao/CYBER/cyberruner-main/cyberrunner_camera -DAMENT_CMAKE_SYMLINK_INSTALL=1 -DCMAKE_INSTALL_PREFIX=/home/trungbao/CYBER/cyberruner-main/install/cyberrunner_camera
[1.318s] DEBUG:colcon.colcon_core.event_handler.log_command:Invoking command in '/home/trungbao/CYBER/cyberruner-main/build/cyberrunner_camera': CMAKE_PREFIX_PATH=${CMAKE_PREFIX_PATH}:/home/trungbao/cyberrunner_ws/install/cyberrunner_vision:/home/trungbao/cyberrunner_ws/install/cyberrunner_state_estimation:/home/trungbao/cyberrunner_ws/install/cyberrunner_pid:/home/trungbao/cyberrunner_ws/install/cyberrunner_dreamer:/home/trungbao/cyberrunner_ws/install/cyberrunner_hiwonder:/home/trungbao/CYBER/cyberruner-main/install/cyberrunner_state_estimation:/home/trungbao/CYBER/cyberruner-main/install/cyberrunner_dreamer_thomas:/home/trungbao/CYBER/cyberruner-main/install/cyberrunner_dreamer:/opt/ros/humble /usr/bin/cmake --build /home/trungbao/CYBER/cyberruner-main/build/cyberrunner_camera -- -j24 -l24
[1.345s] DEBUG:colcon.colcon_core.event_handler.log_command:Invoked command in '/home/trungbao/CYBER/cyberruner-main/build/cyberrunner_camera' returned '0': CMAKE_PREFIX_PATH=${CMAKE_PREFIX_PATH}:/home/trungbao/cyberrunner_ws/install/cyberrunner_vision:/home/trungbao/cyberrunner_ws/install/cyberrunner_state_estimation:/home/trungbao/cyberrunner_ws/install/cyberrunner_pid:/home/trungbao/cyberrunner_ws/install/cyberrunner_dreamer:/home/trungbao/cyberrunner_ws/install/cyberrunner_hiwonder:/home/trungbao/CYBER/cyberruner-main/install/cyberrunner_state_estimation:/home/trungbao/CYBER/cyberruner-main/install/cyberrunner_dreamer_thomas:/home/trungbao/CYBER/cyberruner-main/install/cyberrunner_dreamer:/opt/ros/humble /usr/bin/cmake --build /home/trungbao/CYBER/cyberruner-main/build/cyberrunner_camera -- -j24 -l24
[1.352s] DEBUG:colcon.colcon_core.event_handler.log_command:Invoking command in '/home/trungbao/CYBER/cyberruner-main/build/cyberrunner_camera': CMAKE_PREFIX_PATH=${CMAKE_PREFIX_PATH}:/home/trungbao/cyberrunner_ws/install/cyberrunner_vision:/home/trungbao/cyberrunner_ws/install/cyberrunner_state_estimation:/home/trungbao/cyberrunner_ws/install/cyberrunner_pid:/home/trungbao/cyberrunner_ws/install/cyberrunner_dreamer:/home/trungbao/cyberrunner_ws/install/cyberrunner_hiwonder:/home/trungbao/CYBER/cyberruner-main/install/cyberrunner_state_estimation:/home/trungbao/CYBER/cyberruner-main/install/cyberrunner_dreamer_thomas:/home/trungbao/CYBER/cyberruner-main/install/cyberrunner_dreamer:/opt/ros/humble /usr/bin/cmake --install /home/trungbao/CYBER/cyberruner-main/build/cyberrunner_camera
[1.470s] Level 1:colcon.colcon_core.environment:create_environment_scripts_only(cyberrunner_camera)
[1.471s] DEBUG:colcon.colcon_core.event_handler.log_command:Invoked command in '/home/trungbao/CYBER/cyberruner-main/build/cyberrunner_camera' returned '0': CMAKE_PREFIX_PATH=${CMAKE_PREFIX_PATH}:/home/trungbao/cyberrunner_ws/install/cyberrunner_vision:/home/trungbao/cyberrunner_ws/install/cyberrunner_state_estimation:/home/trungbao/cyberrunner_ws/install/cyberrunner_pid:/home/trungbao/cyberrunner_ws/install/cyberrunner_dreamer:/home/trungbao/cyberrunner_ws/install/cyberrunner_hiwonder:/home/trungbao/CYBER/cyberruner-main/install/cyberrunner_state_estimation:/home/trungbao/CYBER/cyberruner-main/install/cyberrunner_dreamer_thomas:/home/trungbao/CYBER/cyberruner-main/install/cyberrunner_dreamer:/opt/ros/humble /usr/bin/cmake --install /home/trungbao/CYBER/cyberruner-main/build/cyberrunner_camera
[1.474s] Level 1:colcon.colcon_core.environment:checking '/home/trungbao/CYBER/cyberruner-main/install/cyberrunner_camera' for CMake module files
[1.474s] Level 1:colcon.colcon_core.environment:checking '/home/trungbao/CYBER/cyberruner-main/install/cyberrunner_camera' for CMake config files
[1.474s] Level 1:colcon.colcon_core.shell:create_environment_hook('cyberrunner_camera', 'cmake_prefix_path')
[1.475s] INFO:colcon.colcon_core.shell:Creating environment hook '/home/trungbao/CYBER/cyberruner-main/install/cyberrunner_camera/share/cyberrunner_camera/hook/cmake_prefix_path.ps1'
[1.475s] INFO:colcon.colcon_core.shell:Creating environment descriptor '/home/trungbao/CYBER/cyberruner-main/install/cyberrunner_camera/share/cyberrunner_camera/hook/cmake_prefix_path.dsv'
[1.476s] INFO:colcon.colcon_core.shell:Creating environment hook '/home/trungbao/CYBER/cyberruner-main/install/cyberrunner_camera/share/cyberrunner_camera/hook/cmake_prefix_path.sh'
[1.476s] Level 1:colcon.colcon_core.environment:checking '/home/trungbao/CYBER/cyberruner-main/install/cyberrunner_camera/lib'
[1.476s] Level 1:colcon.colcon_core.environment:checking '/home/trungbao/CYBER/cyberruner-main/install/cyberrunner_camera/bin'
[1.476s] Level 1:colcon.colcon_core.environment:checking '/home/trungbao/CYBER/cyberruner-main/install/cyberrunner_camera/lib/pkgconfig/cyberrunner_camera.pc'
[1.476s] Level 1:colcon.colcon_core.environment:checking '/home/trungbao/CYBER/cyberruner-main/install/cyberrunner_camera/lib/python3.10/site-packages'
[1.477s] Level 1:colcon.colcon_core.environment:checking '/home/trungbao/CYBER/cyberruner-main/install/cyberrunner_camera/bin'
[1.477s] INFO:colcon.colcon_core.shell:Creating package script '/home/trungbao/CYBER/cyberruner-main/install/cyberrunner_camera/share/cyberrunner_camera/package.ps1'
[1.477s] INFO:colcon.colcon_core.shell:Creating package descriptor '/home/trungbao/CYBER/cyberruner-main/install/cyberrunner_camera/share/cyberrunner_camera/package.dsv'
[1.478s] INFO:colcon.colcon_core.shell:Creating package script '/home/trungbao/CYBER/cyberruner-main/install/cyberrunner_camera/share/cyberrunner_camera/package.sh'
[1.478s] INFO:colcon.colcon_core.shell:Creating package script '/home/trungbao/CYBER/cyberruner-main/install/cyberrunner_camera/share/cyberrunner_camera/package.bash'
[1.479s] INFO:colcon.colcon_core.shell:Creating package script '/home/trungbao/CYBER/cyberruner-main/install/cyberrunner_camera/share/cyberrunner_camera/package.zsh'
[1.479s] Level 1:colcon.colcon_core.environment:create_file_with_runtime_dependencies(/home/trungbao/CYBER/cyberruner-main/install/cyberrunner_camera/share/colcon-core/packages/cyberrunner_camera)
[1.480s] Level 1:colcon.colcon_core.environment:create_environment_scripts_only(cyberrunner_camera)
[1.480s] Level 1:colcon.colcon_core.environment:checking '/home/trungbao/CYBER/cyberruner-main/install/cyberrunner_camera' for CMake module files
[1.480s] Level 1:colcon.colcon_core.environment:checking '/home/trungbao/CYBER/cyberruner-main/install/cyberrunner_camera' for CMake config files
[1.480s] Level 1:colcon.colcon_core.shell:create_environment_hook('cyberrunner_camera', 'cmake_prefix_path')
[1.480s] INFO:colcon.colcon_core.shell:Creating environment hook '/home/trungbao/CYBER/cyberruner-main/install/cyberrunner_camera/share/cyberrunner_camera/hook/cmake_prefix_path.ps1'
[1.480s] INFO:colcon.colcon_core.shell:Creating environment descriptor '/home/trungbao/CYBER/cyberruner-main/install/cyberrunner_camera/share/cyberrunner_camera/hook/cmake_prefix_path.dsv'
[1.481s] INFO:colcon.colcon_core.shell:Creating environment hook '/home/trungbao/CYBER/cyberruner-main/install/cyberrunner_camera/share/cyberrunner_camera/hook/cmake_prefix_path.sh'
[1.481s] Level 1:colcon.colcon_core.environment:checking '/home/trungbao/CYBER/cyberruner-main/install/cyberrunner_camera/lib'
[1.481s] Level 1:colcon.colcon_core.environment:checking '/home/trungbao/CYBER/cyberruner-main/install/cyberrunner_camera/bin'
[1.481s] Level 1:colcon.colcon_core.environment:checking '/home/trungbao/CYBER/cyberruner-main/install/cyberrunner_camera/lib/pkgconfig/cyberrunner_camera.pc'
[1.481s] Level 1:colcon.colcon_core.environment:checking '/home/trungbao/CYBER/cyberruner-main/install/cyberrunner_camera/lib/python3.10/site-packages'
[1.481s] Level 1:colcon.colcon_core.environment:checking '/home/trungbao/CYBER/cyberruner-main/install/cyberrunner_camera/bin'
[1.481s] INFO:colcon.colcon_core.shell:Creating package script '/home/trungbao/CYBER/cyberruner-main/install/cyberrunner_camera/share/cyberrunner_camera/package.ps1'
[1.482s] INFO:colcon.colcon_core.shell:Creating package descriptor '/home/trungbao/CYBER/cyberruner-main/install/cyberrunner_camera/share/cyberrunner_camera/package.dsv'
[1.482s] INFO:colcon.colcon_core.shell:Creating package script '/home/trungbao/CYBER/cyberruner-main/install/cyberrunner_camera/share/cyberrunner_camera/package.sh'
[1.482s] INFO:colcon.colcon_core.shell:Creating package script '/home/trungbao/CYBER/cyberruner-main/install/cyberrunner_camera/share/cyberrunner_camera/package.bash'
[1.482s] INFO:colcon.colcon_core.shell:Creating package script '/home/trungbao/CYBER/cyberruner-main/install/cyberrunner_camera/share/cyberrunner_camera/package.zsh'
[1.482s] Level 1:colcon.colcon_core.environment:create_file_with_runtime_dependencies(/home/trungbao/CYBER/cyberruner-main/install/cyberrunner_camera/share/colcon-core/packages/cyberrunner_camera)
[1.791s] DEBUG:colcon.colcon_core.event_handler.log_command:Invoked command in '/home/trungbao/CYBER/cyberruner-main/build/cyberrunner_interfaces' returned '0': CMAKE_PREFIX_PATH=${CMAKE_PREFIX_PATH}:/home/trungbao/cyberrunner_ws/install/cyberrunner_vision:/home/trungbao/cyberrunner_ws/install/cyberrunner_state_estimation:/home/trungbao/cyberrunner_ws/install/cyberrunner_pid:/home/trungbao/cyberrunner_ws/install/cyberrunner_dreamer:/home/trungbao/cyberrunner_ws/install/cyberrunner_hiwonder:/home/trungbao/CYBER/cyberruner-main/install/cyberrunner_state_estimation:/home/trungbao/CYBER/cyberruner-main/install/cyberrunner_dreamer_thomas:/home/trungbao/CYBER/cyberruner-main/install/cyberrunner_dreamer:/opt/ros/humble /usr/bin/cmake /home/trungbao/CYBER/cyberruner-main/cyberrunner_interfaces -DAMENT_CMAKE_SYMLINK_INSTALL=1 -DCMAKE_INSTALL_PREFIX=/home/trungbao/CYBER/cyberruner-main/install/cyberrunner_interfaces
[1.792s] DEBUG:colcon.colcon_core.event_handler.log_command:Invoking command in '/home/trungbao/CYBER/cyberruner-main/build/cyberrunner_interfaces': CMAKE_PREFIX_PATH=${CMAKE_PREFIX_PATH}:/home/trungbao/cyberrunner_ws/install/cyberrunner_vision:/home/trungbao/cyberrunner_ws/install/cyberrunner_state_estimation:/home/trungbao/cyberrunner_ws/install/cyberrunner_pid:/home/trungbao/cyberrunner_ws/install/cyberrunner_dreamer:/home/trungbao/cyberrunner_ws/install/cyberrunner_hiwonder:/home/trungbao/CYBER/cyberruner-main/install/cyberrunner_state_estimation:/home/trungbao/CYBER/cyberruner-main/install/cyberrunner_dreamer_thomas:/home/trungbao/CYBER/cyberruner-main/install/cyberrunner_dreamer:/opt/ros/humble /usr/bin/cmake --build /home/trungbao/CYBER/cyberruner-main/build/cyberrunner_interfaces -- -j24 -l24
[3.248s] DEBUG:colcon.colcon_core.event_handler.log_command:Invoked command in '/home/trungbao/CYBER/cyberruner-main/build/cyberrunner_interfaces' returned '0': CMAKE_PREFIX_PATH=${CMAKE_PREFIX_PATH}:/home/trungbao/cyberrunner_ws/install/cyberrunner_vision:/home/trungbao/cyberrunner_ws/install/cyberrunner_state_estimation:/home/trungbao/cyberrunner_ws/install/cyberrunner_pid:/home/trungbao/cyberrunner_ws/install/cyberrunner_dreamer:/home/trungbao/cyberrunner_ws/install/cyberrunner_hiwonder:/home/trungbao/CYBER/cyberruner-main/install/cyberrunner_state_estimation:/home/trungbao/CYBER/cyberruner-main/install/cyberrunner_dreamer_thomas:/home/trungbao/CYBER/cyberruner-main/install/cyberrunner_dreamer:/opt/ros/humble /usr/bin/cmake --build /home/trungbao/CYBER/cyberruner-main/build/cyberrunner_interfaces -- -j24 -l24
[3.249s] DEBUG:colcon.colcon_core.event_handler.log_command:Invoking command in '/home/trungbao/CYBER/cyberruner-main/build/cyberrunner_interfaces': CMAKE_PREFIX_PATH=${CMAKE_PREFIX_PATH}:/home/trungbao/cyberrunner_ws/install/cyberrunner_vision:/home/trungbao/cyberrunner_ws/install/cyberrunner_state_estimation:/home/trungbao/cyberrunner_ws/install/cyberrunner_pid:/home/trungbao/cyberrunner_ws/install/cyberrunner_dreamer:/home/trungbao/cyberrunner_ws/install/cyberrunner_hiwonder:/home/trungbao/CYBER/cyberruner-main/install/cyberrunner_state_estimation:/home/trungbao/CYBER/cyberruner-main/install/cyberrunner_dreamer_thomas:/home/trungbao/CYBER/cyberruner-main/install/cyberrunner_dreamer:/opt/ros/humble /usr/bin/cmake --install /home/trungbao/CYBER/cyberruner-main/build/cyberrunner_interfaces
[4.004s] Level 1:colcon.colcon_core.environment:create_environment_scripts_only(cyberrunner_interfaces)
[4.004s] Level 1:colcon.colcon_core.environment:checking '/home/trungbao/CYBER/cyberruner-main/install/cyberrunner_interfaces' for CMake module files
[4.004s] DEBUG:colcon.colcon_core.event_handler.log_command:Invoked command in '/home/trungbao/CYBER/cyberruner-main/build/cyberrunner_interfaces' returned '0': CMAKE_PREFIX_PATH=${CMAKE_PREFIX_PATH}:/home/trungbao/cyberrunner_ws/install/cyberrunner_vision:/home/trungbao/cyberrunner_ws/install/cyberrunner_state_estimation:/home/trungbao/cyberrunner_ws/install/cyberrunner_pid:/home/trungbao/cyberrunner_ws/install/cyberrunner_dreamer:/home/trungbao/cyberrunner_ws/install/cyberrunner_hiwonder:/home/trungbao/CYBER/cyberruner-main/install/cyberrunner_state_estimation:/home/trungbao/CYBER/cyberruner-main/install/cyberrunner_dreamer_thomas:/home/trungbao/CYBER/cyberruner-main/install/cyberrunner_dreamer:/opt/ros/humble /usr/bin/cmake --install /home/trungbao/CYBER/cyberruner-main/build/cyberrunner_interfaces
[4.005s] Level 1:colcon.colcon_core.environment:checking '/home/trungbao/CYBER/cyberruner-main/install/cyberrunner_interfaces' for CMake config files
[4.006s] Level 1:colcon.colcon_core.shell:create_environment_hook('cyberrunner_interfaces', 'cmake_prefix_path')
[4.006s] INFO:colcon.colcon_core.shell:Creating environment hook '/home/trungbao/CYBER/cyberruner-main/install/cyberrunner_interfaces/share/cyberrunner_interfaces/hook/cmake_prefix_path.ps1'
[4.007s] INFO:colcon.colcon_core.shell:Creating environment descriptor '/home/trungbao/CYBER/cyberruner-main/install/cyberrunner_interfaces/share/cyberrunner_interfaces/hook/cmake_prefix_path.dsv'
[4.007s] INFO:colcon.colcon_core.shell:Creating environment hook '/home/trungbao/CYBER/cyberruner-main/install/cyberrunner_interfaces/share/cyberrunner_interfaces/hook/cmake_prefix_path.sh'
[4.007s] Level 1:colcon.colcon_core.environment:checking '/home/trungbao/CYBER/cyberruner-main/install/cyberrunner_interfaces/lib'
[4.007s] Level 1:colcon.colcon_core.shell:create_environment_hook('cyberrunner_interfaces', 'ld_library_path_lib')
[4.008s] INFO:colcon.colcon_core.shell:Creating environment hook '/home/trungbao/CYBER/cyberruner-main/install/cyberrunner_interfaces/share/cyberrunner_interfaces/hook/ld_library_path_lib.ps1'
[4.008s] INFO:colcon.colcon_core.shell:Creating environment descriptor '/home/trungbao/CYBER/cyberruner-main/install/cyberrunner_interfaces/share/cyberrunner_interfaces/hook/ld_library_path_lib.dsv'
[4.008s] INFO:colcon.colcon_core.shell:Creating environment hook '/home/trungbao/CYBER/cyberruner-main/install/cyberrunner_interfaces/share/cyberrunner_interfaces/hook/ld_library_path_lib.sh'
[4.008s] Level 1:colcon.colcon_core.environment:checking '/home/trungbao/CYBER/cyberruner-main/install/cyberrunner_interfaces/bin'
[4.008s] Level 1:colcon.colcon_core.environment:checking '/home/trungbao/CYBER/cyberruner-main/install/cyberrunner_interfaces/lib/pkgconfig/cyberrunner_interfaces.pc'
[4.009s] Level 1:colcon.colcon_core.environment:checking '/home/trungbao/CYBER/cyberruner-main/install/cyberrunner_interfaces/lib/python3.10/site-packages'
[4.009s] Level 1:colcon.colcon_core.environment:checking '/home/trungbao/CYBER/cyberruner-main/install/cyberrunner_interfaces/bin'
[4.009s] INFO:colcon.colcon_core.shell:Creating package script '/home/trungbao/CYBER/cyberruner-main/install/cyberrunner_interfaces/share/cyberrunner_interfaces/package.ps1'
[4.010s] INFO:colcon.colcon_core.shell:Creating package descriptor '/home/trungbao/CYBER/cyberruner-main/install/cyberrunner_interfaces/share/cyberrunner_interfaces/package.dsv'
[4.010s] INFO:colcon.colcon_core.shell:Creating package script '/home/trungbao/CYBER/cyberruner-main/install/cyberrunner_interfaces/share/cyberrunner_interfaces/package.sh'
[4.010s] INFO:colcon.colcon_core.shell:Creating package script '/home/trungbao/CYBER/cyberruner-main/install/cyberrunner_interfaces/share/cyberrunner_interfaces/package.bash'
[4.011s] INFO:colcon.colcon_core.shell:Creating package script '/home/trungbao/CYBER/cyberruner-main/install/cyberrunner_interfaces/share/cyberrunner_interfaces/package.zsh'
[4.011s] Level 1:colcon.colcon_core.environment:create_file_with_runtime_dependencies(/home/trungbao/CYBER/cyberruner-main/install/cyberrunner_interfaces/share/colcon-core/packages/cyberrunner_interfaces)
[4.011s] Level 1:colcon.colcon_core.environment:create_environment_scripts_only(cyberrunner_interfaces)
[4.012s] Level 1:colcon.colcon_core.environment:checking '/home/trungbao/CYBER/cyberruner-main/install/cyberrunner_interfaces' for CMake module files
[4.012s] Level 1:colcon.colcon_core.environment:checking '/home/trungbao/CYBER/cyberruner-main/install/cyberrunner_interfaces' for CMake config files
[4.012s] Level 1:colcon.colcon_core.shell:create_environment_hook('cyberrunner_interfaces', 'cmake_prefix_path')
[4.012s] INFO:colcon.colcon_core.shell:Creating environment hook '/home/trungbao/CYBER/cyberruner-main/install/cyberrunner_interfaces/share/cyberrunner_interfaces/hook/cmake_prefix_path.ps1'
[4.013s] INFO:colcon.colcon_core.shell:Creating environment descriptor '/home/trungbao/CYBER/cyberruner-main/install/cyberrunner_interfaces/share/cyberrunner_interfaces/hook/cmake_prefix_path.dsv'
[4.013s] INFO:colcon.colcon_core.shell:Creating environment hook '/home/trungbao/CYBER/cyberruner-main/install/cyberrunner_interfaces/share/cyberrunner_interfaces/hook/cmake_prefix_path.sh'
[4.013s] Level 1:colcon.colcon_core.environment:checking '/home/trungbao/CYBER/cyberruner-main/install/cyberrunner_interfaces/lib'
[4.013s] Level 1:colcon.colcon_core.shell:create_environment_hook('cyberrunner_interfaces', 'ld_library_path_lib')
[4.013s] INFO:colcon.colcon_core.shell:Creating environment hook '/home/trungbao/CYBER/cyberruner-main/install/cyberrunner_interfaces/share/cyberrunner_interfaces/hook/ld_library_path_lib.ps1'
[4.013s] INFO:colcon.colcon_core.shell:Creating environment descriptor '/home/trungbao/CYBER/cyberruner-main/install/cyberrunner_interfaces/share/cyberrunner_interfaces/hook/ld_library_path_lib.dsv'
[4.013s] INFO:colcon.colcon_core.shell:Creating environment hook '/home/trungbao/CYBER/cyberruner-main/install/cyberrunner_interfaces/share/cyberrunner_interfaces/hook/ld_library_path_lib.sh'
[4.014s] Level 1:colcon.colcon_core.environment:checking '/home/trungbao/CYBER/cyberruner-main/install/cyberrunner_interfaces/bin'
[4.014s] Level 1:colcon.colcon_core.environment:checking '/home/trungbao/CYBER/cyberruner-main/install/cyberrunner_interfaces/lib/pkgconfig/cyberrunner_interfaces.pc'
[4.014s] Level 1:colcon.colcon_core.environment:checking '/home/trungbao/CYBER/cyberruner-main/install/cyberrunner_interfaces/lib/python3.10/site-packages'
[4.014s] Level 1:colcon.colcon_core.environment:checking '/home/trungbao/CYBER/cyberruner-main/install/cyberrunner_interfaces/bin'
[4.014s] INFO:colcon.colcon_core.shell:Creating package script '/home/trungbao/CYBER/cyberruner-main/install/cyberrunner_interfaces/share/cyberrunner_interfaces/package.ps1'
[4.015s] INFO:colcon.colcon_core.shell:Creating package descriptor '/home/trungbao/CYBER/cyberruner-main/install/cyberrunner_interfaces/share/cyberrunner_interfaces/package.dsv'
[4.015s] INFO:colcon.colcon_core.shell:Creating package script '/home/trungbao/CYBER/cyberruner-main/install/cyberrunner_interfaces/share/cyberrunner_interfaces/package.sh'
[4.015s] INFO:colcon.colcon_core.shell:Creating package script '/home/trungbao/CYBER/cyberruner-main/install/cyberrunner_interfaces/share/cyberrunner_interfaces/package.bash'
[4.015s] INFO:colcon.colcon_core.shell:Creating package script '/home/trungbao/CYBER/cyberruner-main/install/cyberrunner_interfaces/share/cyberrunner_interfaces/package.zsh'
[4.015s] Level 1:colcon.colcon_core.environment:create_file_with_runtime_dependencies(/home/trungbao/CYBER/cyberruner-main/install/cyberrunner_interfaces/share/colcon-core/packages/cyberrunner_interfaces)
[4.016s] INFO:colcon.colcon_ros.task.ament_python.build:Building ROS package in '/home/trungbao/CYBER/cyberruner-main/cyberrunner_dreamer' with build type 'ament_python'
[4.016s] Level 1:colcon.colcon_core.shell:create_environment_hook('cyberrunner_dreamer', 'ament_prefix_path')
[4.016s] INFO:colcon.colcon_core.shell:Creating environment hook '/home/trungbao/CYBER/cyberruner-main/install/cyberrunner_dreamer/share/cyberrunner_dreamer/hook/ament_prefix_path.ps1'
[4.016s] INFO:colcon.colcon_core.shell:Creating environment descriptor '/home/trungbao/CYBER/cyberruner-main/install/cyberrunner_dreamer/share/cyberrunner_dreamer/hook/ament_prefix_path.dsv'
[4.016s] INFO:colcon.colcon_core.shell:Creating environment hook '/home/trungbao/CYBER/cyberruner-main/install/cyberrunner_dreamer/share/cyberrunner_dreamer/hook/ament_prefix_path.sh'
[4.017s] INFO:colcon.colcon_core.shell:Skip shell extension 'powershell' for command environment: Not usable outside of PowerShell
[4.017s] DEBUG:colcon.colcon_core.shell:Skip shell extension 'dsv' for command environment
[4.019s] INFO:colcon.colcon_ros.task.ament_python.build:Building ROS package in '/home/trungbao/CYBER/cyberruner-main/cyberrunner_dreamer_thomas' with build type 'ament_python'
[4.019s] Level 1:colcon.colcon_core.shell:create_environment_hook('cyberrunner_dreamer_thomas', 'ament_prefix_path')
[4.019s] INFO:colcon.colcon_core.shell:Creating environment hook '/home/trungbao/CYBER/cyberruner-main/install/cyberrunner_dreamer_thomas/share/cyberrunner_dreamer_thomas/hook/ament_prefix_path.ps1'
[4.019s] INFO:colcon.colcon_core.shell:Creating environment descriptor '/home/trungbao/CYBER/cyberruner-main/install/cyberrunner_dreamer_thomas/share/cyberrunner_dreamer_thomas/hook/ament_prefix_path.dsv'
[4.019s] INFO:colcon.colcon_core.shell:Creating environment hook '/home/trungbao/CYBER/cyberruner-main/install/cyberrunner_dreamer_thomas/share/cyberrunner_dreamer_thomas/hook/ament_prefix_path.sh'
[4.020s] INFO:colcon.colcon_core.shell:Skip shell extension 'powershell' for command environment: Not usable outside of PowerShell
[4.020s] DEBUG:colcon.colcon_core.shell:Skip shell extension 'dsv' for command environment
[4.021s] INFO:colcon.colcon_ros.task.ament_cmake.build:Building ROS package in '/home/trungbao/CYBER/cyberruner-main/cyberrunner_dynamixel' with build type 'ament_cmake'
[4.022s] INFO:colcon.colcon_cmake.task.cmake.build:Building CMake package in '/home/trungbao/CYBER/cyberruner-main/cyberrunner_dynamixel'
[4.022s] INFO:colcon.colcon_core.shell:Skip shell extension 'powershell' for command environment: Not usable outside of PowerShell
[4.022s] DEBUG:colcon.colcon_core.shell:Skip shell extension 'dsv' for command environment
[4.024s] INFO:colcon.colcon_ros.task.ament_cmake.build:Building ROS package in '/home/trungbao/CYBER/cyberruner-main/cyberrunner_dynamixel_thomas' with build type 'ament_cmake'
[4.024s] INFO:colcon.colcon_cmake.task.cmake.build:Building CMake package in '/home/trungbao/CYBER/cyberruner-main/cyberrunner_dynamixel_thomas'
[4.024s] INFO:colcon.colcon_core.shell:Skip shell extension 'powershell' for command environment: Not usable outside of PowerShell
[4.024s] DEBUG:colcon.colcon_core.shell:Skip shell extension 'dsv' for command environment
[4.026s] INFO:colcon.colcon_ros.task.ament_python.build:Building ROS package in '/home/trungbao/CYBER/cyberruner-main/cyberrunner_state_estimation' with build type 'ament_python'
[4.026s] Level 1:colcon.colcon_core.shell:create_environment_hook('cyberrunner_state_estimation', 'ament_prefix_path')
[4.026s] INFO:colcon.colcon_core.shell:Creating environment hook '/home/trungbao/CYBER/cyberruner-main/install/cyberrunner_state_estimation/share/cyberrunner_state_estimation/hook/ament_prefix_path.ps1'
[4.027s] INFO:colcon.colcon_core.shell:Creating environment descriptor '/home/trungbao/CYBER/cyberruner-main/install/cyberrunner_state_estimation/share/cyberrunner_state_estimation/hook/ament_prefix_path.dsv'
[4.027s] INFO:colcon.colcon_core.shell:Creating environment hook '/home/trungbao/CYBER/cyberruner-main/install/cyberrunner_state_estimation/share/cyberrunner_state_estimation/hook/ament_prefix_path.sh'
[4.027s] INFO:colcon.colcon_core.shell:Skip shell extension 'powershell' for command environment: Not usable outside of PowerShell
[4.027s] DEBUG:colcon.colcon_core.shell:Skip shell extension 'dsv' for command environment
[4.144s] INFO:colcon.colcon_core.task.python.build:Building Python package in '/home/trungbao/CYBER/cyberruner-main/cyberrunner_dreamer'
[4.144s] INFO:colcon.colcon_core.shell:Skip shell extension 'powershell' for command environment: Not usable outside of PowerShell
[4.144s] DEBUG:colcon.colcon_core.shell:Skip shell extension 'dsv' for command environment
[4.258s] INFO:colcon.colcon_core.task.python.build:Building Python package in '/home/trungbao/CYBER/cyberruner-main/cyberrunner_dreamer_thomas'
[4.258s] INFO:colcon.colcon_core.shell:Skip shell extension 'powershell' for command environment: Not usable outside of PowerShell
[4.258s] DEBUG:colcon.colcon_core.shell:Skip shell extension 'dsv' for command environment
[4.262s] DEBUG:colcon.colcon_core.event_handler.log_command:Invoking command in '/home/trungbao/CYBER/cyberruner-main/build/cyberrunner_dynamixel': CMAKE_PREFIX_PATH=/home/trungbao/CYBER/cyberruner-main/install/cyberrunner_interfaces:/home/trungbao/cyberrunner_ws/install/cyberrunner_interfaces:/home/trungbao/cyberrunner_ws/install/cyberrunner_cpp:/home/trungbao/cyberrunner_ws/install/cyberrunner_camera:/home/trungbao/CYBER/cyberruner-main/install/cyberrunner_dynamixel_thomas:/home/trungbao/CYBER/cyberruner-main/install/cyberrunner_dynamixel:/home/trungbao/CYBER/cyberruner-main/install/cyberrunner_camera:/home/trungbao/cyberrunner_ws/install/cyberrunner_vision:/home/trungbao/cyberrunner_ws/install/cyberrunner_state_estimation:/home/trungbao/cyberrunner_ws/install/cyberrunner_pid:/home/trungbao/cyberrunner_ws/install/cyberrunner_dreamer:/home/trungbao/cyberrunner_ws/install/cyberrunner_hiwonder:/home/trungbao/CYBER/cyberruner-main/install/cyberrunner_state_estimation:/home/trungbao/CYBER/cyberruner-main/install/cyberrunner_dreamer_thomas:/home/trungbao/CYBER/cyberruner-main/install/cyberrunner_dreamer:/opt/ros/humble LD_LIBRARY_PATH=/home/trungbao/CYBER/cyberruner-main/install/cyberrunner_interfaces/lib:/home/trungbao/cyberrunner_ws/install/cyberrunner_interfaces/lib:/opt/ros/humble/opt/rviz_ogre_vendor/lib:/opt/ros/humble/lib/x86_64-linux-gnu:/opt/ros/humble/lib /usr/bin/cmake /home/trungbao/CYBER/cyberruner-main/cyberrunner_dynamixel -DAMENT_CMAKE_SYMLINK_INSTALL=1 -DCMAKE_INSTALL_PREFIX=/home/trungbao/CYBER/cyberruner-main/install/cyberrunner_dynamixel
[4.263s] DEBUG:colcon.colcon_core.event_handler.log_command:Invoking command in '/home/trungbao/CYBER/cyberruner-main/build/cyberrunner_dynamixel_thomas': CMAKE_PREFIX_PATH=/home/trungbao/CYBER/cyberruner-main/install/cyberrunner_interfaces:/home/trungbao/cyberrunner_ws/install/cyberrunner_interfaces:/home/trungbao/cyberrunner_ws/install/cyberrunner_cpp:/home/trungbao/cyberrunner_ws/install/cyberrunner_camera:/home/trungbao/CYBER/cyberruner-main/install/cyberrunner_dynamixel_thomas:/home/trungbao/CYBER/cyberruner-main/install/cyberrunner_dynamixel:/home/trungbao/CYBER/cyberruner-main/install/cyberrunner_camera:/home/trungbao/cyberrunner_ws/install/cyberrunner_vision:/home/trungbao/cyberrunner_ws/install/cyberrunner_state_estimation:/home/trungbao/cyberrunner_ws/install/cyberrunner_pid:/home/trungbao/cyberrunner_ws/install/cyberrunner_dreamer:/home/trungbao/cyberrunner_ws/install/cyberrunner_hiwonder:/home/trungbao/CYBER/cyberruner-main/install/cyberrunner_state_estimation:/home/trungbao/CYBER/cyberruner-main/install/cyberrunner_dreamer_thomas:/home/trungbao/CYBER/cyberruner-main/install/cyberrunner_dreamer:/opt/ros/humble LD_LIBRARY_PATH=/home/trungbao/CYBER/cyberruner-main/install/cyberrunner_interfaces/lib:/home/trungbao/cyberrunner_ws/install/cyberrunner_interfaces/lib:/opt/ros/humble/opt/rviz_ogre_vendor/lib:/opt/ros/humble/lib/x86_64-linux-gnu:/opt/ros/humble/lib /usr/bin/cmake /home/trungbao/CYBER/cyberruner-main/cyberrunner_dynamixel_thomas -DAMENT_CMAKE_SYMLINK_INSTALL=1 -DCMAKE_INSTALL_PREFIX=/home/trungbao/CYBER/cyberruner-main/install/cyberrunner_dynamixel_thomas
[4.383s] INFO:colcon.colcon_core.task.python.build:Building Python package in '/home/trungbao/CYBER/cyberruner-main/cyberrunner_state_estimation'
[4.383s] INFO:colcon.colcon_core.shell:Skip shell extension 'powershell' for command environment: Not usable outside of PowerShell
[4.383s] DEBUG:colcon.colcon_core.shell:Skip shell extension 'dsv' for command environment
[4.707s] DEBUG:colcon.colcon_core.task.python.build:Available setuptools commands: bdist, develop, dist_info, install_headers, build_ext, alias, install_data, bdist_rpm, bdist_egg, rotate, install, egg_info, symlink_data, bdist_wheel, check, clean, build_clib, saveopts, install_egg_info, install_lib, build_scripts, build, build_py, setopt, editable_wheel, easy_install, sdist, bdist_dumb, install_scripts
[4.708s] DEBUG:colcon.colcon_core.task.python.build:Available setuptools commands: bdist, develop, dist_info, install_headers, build_ext, alias, install_data, bdist_rpm, bdist_egg, rotate, install, egg_info, symlink_data, bdist_wheel, check, clean, build_clib, saveopts, install_egg_info, install_lib, build_scripts, build, build_py, setopt, editable_wheel, easy_install, sdist, bdist_dumb, install_scripts
[4.709s] DEBUG:colcon.colcon_core.task.python.build:Available setuptools commands: bdist, develop, dist_info, install_headers, build_ext, alias, install_data, bdist_rpm, bdist_egg, rotate, install, egg_info, symlink_data, bdist_wheel, check, clean, build_clib, saveopts, install_egg_info, install_lib, build_scripts, build, build_py, setopt, editable_wheel, easy_install, sdist, bdist_dumb, install_scripts
[4.895s] DEBUG:colcon.colcon_core.task.python.build:Available setuptools 'develop' options: --install-dir, --script-dir, --no-user-cfg, --verbose, --exclude-scripts, --user, --help, --prefix, --zip-ok, --build-directory, --egg-path, --version, --editable, --multi-version, --uninstall, --optimize, --no-find-links, --no-deps, --dry-run, --record, --site-dirs, --quiet, --find-links, --always-unzip, --index-url, --always-copy, --local-snapshots-ok, --upgrade, --allow-hosts
[4.897s] DEBUG:colcon.colcon_core.event_handler.log_command:Invoking command in '/home/trungbao/CYBER/cyberruner-main/build/cyberrunner_state_estimation': CMAKE_PREFIX_PATH=/home/trungbao/CYBER/cyberruner-main/install/cyberrunner_interfaces:/home/trungbao/cyberrunner_ws/install/cyberrunner_interfaces:/home/trungbao/cyberrunner_ws/install/cyberrunner_cpp:/home/trungbao/cyberrunner_ws/install/cyberrunner_camera:/home/trungbao/CYBER/cyberruner-main/install/cyberrunner_dynamixel_thomas:/home/trungbao/CYBER/cyberruner-main/install/cyberrunner_dynamixel:/home/trungbao/CYBER/cyberruner-main/install/cyberrunner_camera LD_LIBRARY_PATH=/home/trungbao/CYBER/cyberruner-main/install/cyberrunner_interfaces/lib:/home/trungbao/cyberrunner_ws/install/cyberrunner_interfaces/lib:/opt/ros/humble/opt/rviz_ogre_vendor/lib:/opt/ros/humble/lib/x86_64-linux-gnu:/opt/ros/humble/lib PYTHONPATH=/home/trungbao/CYBER/cyberruner-main/build/cyberrunner_state_estimation/prefix_override:/usr/lib/python3/dist-packages/colcon_core/task/python/colcon_distutils_commands:/home/trungbao/CYBER/cyberruner-main/install/cyberrunner_state_estimation/lib/python3.10/site-packages:${PYTHONPATH} /usr/bin/python3 -W ignore:setup.py install is deprecated -W ignore:easy_install command is deprecated setup.py develop --editable --build-directory /home/trungbao/CYBER/cyberruner-main/build/cyberrunner_state_estimation/build --no-deps symlink_data
[4.899s] DEBUG:colcon.colcon_core.task.python.build:Available setuptools 'develop' options: --install-dir, --script-dir, --no-user-cfg, --verbose, --exclude-scripts, --user, --help, --prefix, --zip-ok, --build-directory, --egg-path, --version, --editable, --multi-version, --uninstall, --optimize, --no-find-links, --no-deps, --dry-run, --record, --site-dirs, --quiet, --find-links, --always-unzip, --index-url, --always-copy, --local-snapshots-ok, --upgrade, --allow-hosts
[4.901s] DEBUG:colcon.colcon_core.event_handler.log_command:Invoking command in '/home/trungbao/CYBER/cyberruner-main/build/cyberrunner_dreamer': CMAKE_PREFIX_PATH=/home/trungbao/CYBER/cyberruner-main/install/cyberrunner_interfaces:/home/trungbao/cyberrunner_ws/install/cyberrunner_interfaces:/home/trungbao/cyberrunner_ws/install/cyberrunner_cpp:/home/trungbao/cyberrunner_ws/install/cyberrunner_camera:/home/trungbao/CYBER/cyberruner-main/install/cyberrunner_dynamixel_thomas:/home/trungbao/CYBER/cyberruner-main/install/cyberrunner_dynamixel:/home/trungbao/CYBER/cyberruner-main/install/cyberrunner_camera LD_LIBRARY_PATH=/home/trungbao/CYBER/cyberruner-main/install/cyberrunner_interfaces/lib:/home/trungbao/cyberrunner_ws/install/cyberrunner_interfaces/lib:/opt/ros/humble/opt/rviz_ogre_vendor/lib:/opt/ros/humble/lib/x86_64-linux-gnu:/opt/ros/humble/lib PYTHONPATH=/home/trungbao/CYBER/cyberruner-main/build/cyberrunner_dreamer/prefix_override:/usr/lib/python3/dist-packages/colcon_core/task/python/colcon_distutils_commands:/home/trungbao/CYBER/cyberruner-main/install/cyberrunner_dreamer/lib/python3.10/site-packages:${PYTHONPATH} /usr/bin/python3 -W ignore:setup.py install is deprecated -W ignore:easy_install command is deprecated setup.py develop --editable --build-directory /home/trungbao/CYBER/cyberruner-main/build/cyberrunner_dreamer/build --no-deps symlink_data
[4.922s] DEBUG:colcon.colcon_core.task.python.build:Available setuptools 'develop' options: --install-dir, --script-dir, --no-user-cfg, --verbose, --exclude-scripts, --user, --help, --prefix, --zip-ok, --build-directory, --egg-path, --version, --editable, --multi-version, --uninstall, --optimize, --no-find-links, --no-deps, --dry-run, --record, --site-dirs, --quiet, --find-links, --always-unzip, --index-url, --always-copy, --local-snapshots-ok, --upgrade, --allow-hosts
[4.924s] DEBUG:colcon.colcon_core.event_handler.log_command:Invoking command in '/home/trungbao/CYBER/cyberruner-main/build/cyberrunner_dreamer_thomas': CMAKE_PREFIX_PATH=/home/trungbao/CYBER/cyberruner-main/install/cyberrunner_interfaces:/home/trungbao/cyberrunner_ws/install/cyberrunner_interfaces:/home/trungbao/cyberrunner_ws/install/cyberrunner_cpp:/home/trungbao/cyberrunner_ws/install/cyberrunner_camera:/home/trungbao/CYBER/cyberruner-main/install/cyberrunner_dynamixel_thomas:/home/trungbao/CYBER/cyberruner-main/install/cyberrunner_dynamixel:/home/trungbao/CYBER/cyberruner-main/install/cyberrunner_camera LD_LIBRARY_PATH=/home/trungbao/CYBER/cyberruner-main/install/cyberrunner_interfaces/lib:/home/trungbao/cyberrunner_ws/install/cyberrunner_interfaces/lib:/opt/ros/humble/opt/rviz_ogre_vendor/lib:/opt/ros/humble/lib/x86_64-linux-gnu:/opt/ros/humble/lib PYTHONPATH=/home/trungbao/CYBER/cyberruner-main/build/cyberrunner_dreamer_thomas/prefix_override:/usr/lib/python3/dist-packages/colcon_core/task/python/colcon_distutils_commands:/home/trungbao/CYBER/cyberruner-main/install/cyberrunner_dreamer_thomas/lib/python3.10/site-packages:${PYTHONPATH} /usr/bin/python3 -W ignore:setup.py install is deprecated -W ignore:easy_install command is deprecated setup.py develop --editable --build-directory /home/trungbao/CYBER/cyberruner-main/build/cyberrunner_dreamer_thomas/build --no-deps symlink_data
[5.226s] DEBUG:colcon.colcon_core.event_handler.log_command:Invoked command in '/home/trungbao/CYBER/cyberruner-main/build/cyberrunner_dynamixel' returned '0': CMAKE_PREFIX_PATH=/home/trungbao/CYBER/cyberruner-main/install/cyberrunner_interfaces:/home/trungbao/cyberrunner_ws/install/cyberrunner_interfaces:/home/trungbao/cyberrunner_ws/install/cyberrunner_cpp:/home/trungbao/cyberrunner_ws/install/cyberrunner_camera:/home/trungbao/CYBER/cyberruner-main/install/cyberrunner_dynamixel_thomas:/home/trungbao/CYBER/cyberruner-main/install/cyberrunner_dynamixel:/home/trungbao/CYBER/cyberruner-main/install/cyberrunner_camera:/home/trungbao/cyberrunner_ws/install/cyberrunner_vision:/home/trungbao/cyberrunner_ws/install/cyberrunner_state_estimation:/home/trungbao/cyberrunner_ws/install/cyberrunner_pid:/home/trungbao/cyberrunner_ws/install/cyberrunner_dreamer:/home/trungbao/cyberrunner_ws/install/cyberrunner_hiwonder:/home/trungbao/CYBER/cyberruner-main/install/cyberrunner_state_estimation:/home/trungbao/CYBER/cyberruner-main/install/cyberrunner_dreamer_thomas:/home/trungbao/CYBER/cyberruner-main/install/cyberrunner_dreamer:/opt/ros/humble LD_LIBRARY_PATH=/home/trungbao/CYBER/cyberruner-main/install/cyberrunner_interfaces/lib:/home/trungbao/cyberrunner_ws/install/cyberrunner_interfaces/lib:/opt/ros/humble/opt/rviz_ogre_vendor/lib:/opt/ros/humble/lib/x86_64-linux-gnu:/opt/ros/humble/lib /usr/bin/cmake /home/trungbao/CYBER/cyberruner-main/cyberrunner_dynamixel -DAMENT_CMAKE_SYMLINK_INSTALL=1 -DCMAKE_INSTALL_PREFIX=/home/trungbao/CYBER/cyberruner-main/install/cyberrunner_dynamixel
[5.228s] DEBUG:colcon.colcon_core.event_handler.log_command:Invoking command in '/home/trungbao/CYBER/cyberruner-main/build/cyberrunner_dynamixel': CMAKE_PREFIX_PATH=/home/trungbao/CYBER/cyberruner-main/install/cyberrunner_interfaces:/home/trungbao/cyberrunner_ws/install/cyberrunner_interfaces:/home/trungbao/cyberrunner_ws/install/cyberrunner_cpp:/home/trungbao/cyberrunner_ws/install/cyberrunner_camera:/home/trungbao/CYBER/cyberruner-main/install/cyberrunner_dynamixel_thomas:/home/trungbao/CYBER/cyberruner-main/install/cyberrunner_dynamixel:/home/trungbao/CYBER/cyberruner-main/install/cyberrunner_camera:/home/trungbao/cyberrunner_ws/install/cyberrunner_vision:/home/trungbao/cyberrunner_ws/install/cyberrunner_state_estimation:/home/trungbao/cyberrunner_ws/install/cyberrunner_pid:/home/trungbao/cyberrunner_ws/install/cyberrunner_dreamer:/home/trungbao/cyberrunner_ws/install/cyberrunner_hiwonder:/home/trungbao/CYBER/cyberruner-main/install/cyberrunner_state_estimation:/home/trungbao/CYBER/cyberruner-main/install/cyberrunner_dreamer_thomas:/home/trungbao/CYBER/cyberruner-main/install/cyberrunner_dreamer:/opt/ros/humble LD_LIBRARY_PATH=/home/trungbao/CYBER/cyberruner-main/install/cyberrunner_interfaces/lib:/home/trungbao/cyberrunner_ws/install/cyberrunner_interfaces/lib:/opt/ros/humble/opt/rviz_ogre_vendor/lib:/opt/ros/humble/lib/x86_64-linux-gnu:/opt/ros/humble/lib /usr/bin/cmake --build /home/trungbao/CYBER/cyberruner-main/build/cyberrunner_dynamixel -- -j24 -l24
[5.239s] DEBUG:colcon.colcon_core.event_handler.log_command:Invoked command in '/home/trungbao/CYBER/cyberruner-main/build/cyberrunner_dynamixel_thomas' returned '0': CMAKE_PREFIX_PATH=/home/trungbao/CYBER/cyberruner-main/install/cyberrunner_interfaces:/home/trungbao/cyberrunner_ws/install/cyberrunner_interfaces:/home/trungbao/cyberrunner_ws/install/cyberrunner_cpp:/home/trungbao/cyberrunner_ws/install/cyberrunner_camera:/home/trungbao/CYBER/cyberruner-main/install/cyberrunner_dynamixel_thomas:/home/trungbao/CYBER/cyberruner-main/install/cyberrunner_dynamixel:/home/trungbao/CYBER/cyberruner-main/install/cyberrunner_camera:/home/trungbao/cyberrunner_ws/install/cyberrunner_vision:/home/trungbao/cyberrunner_ws/install/cyberrunner_state_estimation:/home/trungbao/cyberrunner_ws/install/cyberrunner_pid:/home/trungbao/cyberrunner_ws/install/cyberrunner_dreamer:/home/trungbao/cyberrunner_ws/install/cyberrunner_hiwonder:/home/trungbao/CYBER/cyberruner-main/install/cyberrunner_state_estimation:/home/trungbao/CYBER/cyberruner-main/install/cyberrunner_dreamer_thomas:/home/trungbao/CYBER/cyberruner-main/install/cyberrunner_dreamer:/opt/ros/humble LD_LIBRARY_PATH=/home/trungbao/CYBER/cyberruner-main/install/cyberrunner_interfaces/lib:/home/trungbao/cyberrunner_ws/install/cyberrunner_interfaces/lib:/opt/ros/humble/opt/rviz_ogre_vendor/lib:/opt/ros/humble/lib/x86_64-linux-gnu:/opt/ros/humble/lib /usr/bin/cmake /home/trungbao/CYBER/cyberruner-main/cyberrunner_dynamixel_thomas -DAMENT_CMAKE_SYMLINK_INSTALL=1 -DCMAKE_INSTALL_PREFIX=/home/trungbao/CYBER/cyberruner-main/install/cyberrunner_dynamixel_thomas
[5.241s] DEBUG:colcon.colcon_core.event_handler.log_command:Invoking command in '/home/trungbao/CYBER/cyberruner-main/build/cyberrunner_dynamixel_thomas': CMAKE_PREFIX_PATH=/home/trungbao/CYBER/cyberruner-main/install/cyberrunner_interfaces:/home/trungbao/cyberrunner_ws/install/cyberrunner_interfaces:/home/trungbao/cyberrunner_ws/install/cyberrunner_cpp:/home/trungbao/cyberrunner_ws/install/cyberrunner_camera:/home/trungbao/CYBER/cyberruner-main/install/cyberrunner_dynamixel_thomas:/home/trungbao/CYBER/cyberruner-main/install/cyberrunner_dynamixel:/home/trungbao/CYBER/cyberruner-main/install/cyberrunner_camera:/home/trungbao/cyberrunner_ws/install/cyberrunner_vision:/home/trungbao/cyberrunner_ws/install/cyberrunner_state_estimation:/home/trungbao/cyberrunner_ws/install/cyberrunner_pid:/home/trungbao/cyberrunner_ws/install/cyberrunner_dreamer:/home/trungbao/cyberrunner_ws/install/cyberrunner_hiwonder:/home/trungbao/CYBER/cyberruner-main/install/cyberrunner_state_estimation:/home/trungbao/CYBER/cyberruner-main/install/cyberrunner_dreamer_thomas:/home/trungbao/CYBER/cyberruner-main/install/cyberrunner_dreamer:/opt/ros/humble LD_LIBRARY_PATH=/home/trungbao/CYBER/cyberruner-main/install/cyberrunner_interfaces/lib:/home/trungbao/cyberrunner_ws/install/cyberrunner_interfaces/lib:/opt/ros/humble/opt/rviz_ogre_vendor/lib:/opt/ros/humble/lib/x86_64-linux-gnu:/opt/ros/humble/lib /usr/bin/cmake --build /home/trungbao/CYBER/cyberruner-main/build/cyberrunner_dynamixel_thomas -- -j24 -l24
[5.260s] Level 1:colcon.colcon_core.shell:create_environment_hook('cyberrunner_state_estimation', 'pythonpath_develop')
[5.261s] INFO:colcon.colcon_core.shell:Creating environment hook '/home/trungbao/CYBER/cyberruner-main/build/cyberrunner_state_estimation/share/cyberrunner_state_estimation/hook/pythonpath_develop.ps1'
[5.261s] DEBUG:colcon.colcon_core.event_handler.log_command:Invoked command in '/home/trungbao/CYBER/cyberruner-main/build/cyberrunner_state_estimation' returned '0': CMAKE_PREFIX_PATH=/home/trungbao/CYBER/cyberruner-main/install/cyberrunner_interfaces:/home/trungbao/cyberrunner_ws/install/cyberrunner_interfaces:/home/trungbao/cyberrunner_ws/install/cyberrunner_cpp:/home/trungbao/cyberrunner_ws/install/cyberrunner_camera:/home/trungbao/CYBER/cyberruner-main/install/cyberrunner_dynamixel_thomas:/home/trungbao/CYBER/cyberruner-main/install/cyberrunner_dynamixel:/home/trungbao/CYBER/cyberruner-main/install/cyberrunner_camera LD_LIBRARY_PATH=/home/trungbao/CYBER/cyberruner-main/install/cyberrunner_interfaces/lib:/home/trungbao/cyberrunner_ws/install/cyberrunner_interfaces/lib:/opt/ros/humble/opt/rviz_ogre_vendor/lib:/opt/ros/humble/lib/x86_64-linux-gnu:/opt/ros/humble/lib PYTHONPATH=/home/trungbao/CYBER/cyberruner-main/build/cyberrunner_state_estimation/prefix_override:/usr/lib/python3/dist-packages/colcon_core/task/python/colcon_distutils_commands:/home/trungbao/CYBER/cyberruner-main/install/cyberrunner_state_estimation/lib/python3.10/site-packages:${PYTHONPATH} /usr/bin/python3 -W ignore:setup.py install is deprecated -W ignore:easy_install command is deprecated setup.py develop --editable --build-directory /home/trungbao/CYBER/cyberruner-main/build/cyberrunner_state_estimation/build --no-deps symlink_data
[5.261s] INFO:colcon.colcon_core.shell:Creating environment descriptor '/home/trungbao/CYBER/cyberruner-main/build/cyberrunner_state_estimation/share/cyberrunner_state_estimation/hook/pythonpath_develop.dsv'
[5.262s] INFO:colcon.colcon_core.shell:Creating environment hook '/home/trungbao/CYBER/cyberruner-main/build/cyberrunner_state_estimation/share/cyberrunner_state_estimation/hook/pythonpath_develop.sh'
[5.262s] Level 1:colcon.colcon_core.environment:checking '/home/trungbao/CYBER/cyberruner-main/install/cyberrunner_state_estimation' for CMake module files
[5.262s] Level 1:colcon.colcon_core.environment:checking '/home/trungbao/CYBER/cyberruner-main/install/cyberrunner_state_estimation' for CMake config files
[5.262s] Level 1:colcon.colcon_core.environment:checking '/home/trungbao/CYBER/cyberruner-main/install/cyberrunner_state_estimation/lib'
[5.262s] Level 1:colcon.colcon_core.environment:checking '/home/trungbao/CYBER/cyberruner-main/install/cyberrunner_state_estimation/bin'
[5.263s] Level 1:colcon.colcon_core.environment:checking '/home/trungbao/CYBER/cyberruner-main/install/cyberrunner_state_estimation/lib/pkgconfig/cyberrunner_state_estimation.pc'
[5.263s] Level 1:colcon.colcon_core.environment:checking '/home/trungbao/CYBER/cyberruner-main/install/cyberrunner_state_estimation/lib/python3.10/site-packages'
[5.263s] Level 1:colcon.colcon_core.shell:create_environment_hook('cyberrunner_state_estimation', 'pythonpath')
[5.263s] INFO:colcon.colcon_core.shell:Creating environment hook '/home/trungbao/CYBER/cyberruner-main/install/cyberrunner_state_estimation/share/cyberrunner_state_estimation/hook/pythonpath.ps1'
[5.263s] INFO:colcon.colcon_core.shell:Creating environment descriptor '/home/trungbao/CYBER/cyberruner-main/install/cyberrunner_state_estimation/share/cyberrunner_state_estimation/hook/pythonpath.dsv'
[5.263s] INFO:colcon.colcon_core.shell:Creating environment hook '/home/trungbao/CYBER/cyberruner-main/install/cyberrunner_state_estimation/share/cyberrunner_state_estimation/hook/pythonpath.sh'
[5.264s] Level 1:colcon.colcon_core.environment:checking '/home/trungbao/CYBER/cyberruner-main/install/cyberrunner_state_estimation/bin'
[5.264s] Level 1:colcon.colcon_core.environment:create_environment_scripts_only(cyberrunner_state_estimation)
[5.264s] INFO:colcon.colcon_core.shell:Creating package script '/home/trungbao/CYBER/cyberruner-main/install/cyberrunner_state_estimation/share/cyberrunner_state_estimation/package.ps1'
[5.264s] INFO:colcon.colcon_core.shell:Creating package descriptor '/home/trungbao/CYBER/cyberruner-main/install/cyberrunner_state_estimation/share/cyberrunner_state_estimation/package.dsv'
[5.264s] INFO:colcon.colcon_core.shell:Creating package script '/home/trungbao/CYBER/cyberruner-main/install/cyberrunner_state_estimation/share/cyberrunner_state_estimation/package.sh'
[5.265s] INFO:colcon.colcon_core.shell:Creating package script '/home/trungbao/CYBER/cyberruner-main/install/cyberrunner_state_estimation/share/cyberrunner_state_estimation/package.bash'
[5.265s] INFO:colcon.colcon_core.shell:Creating package script '/home/trungbao/CYBER/cyberruner-main/install/cyberrunner_state_estimation/share/cyberrunner_state_estimation/package.zsh'
[5.265s] Level 1:colcon.colcon_core.environment:create_file_with_runtime_dependencies(/home/trungbao/CYBER/cyberruner-main/install/cyberrunner_state_estimation/share/colcon-core/packages/cyberrunner_state_estimation)
[5.280s] Level 1:colcon.colcon_core.shell:create_environment_hook('cyberrunner_dreamer', 'pythonpath_develop')
[5.280s] INFO:colcon.colcon_core.shell:Creating environment hook '/home/trungbao/CYBER/cyberruner-main/build/cyberrunner_dreamer/share/cyberrunner_dreamer/hook/pythonpath_develop.ps1'
[5.281s] DEBUG:colcon.colcon_core.event_handler.log_command:Invoked command in '/home/trungbao/CYBER/cyberruner-main/build/cyberrunner_dreamer' returned '0': CMAKE_PREFIX_PATH=/home/trungbao/CYBER/cyberruner-main/install/cyberrunner_interfaces:/home/trungbao/cyberrunner_ws/install/cyberrunner_interfaces:/home/trungbao/cyberrunner_ws/install/cyberrunner_cpp:/home/trungbao/cyberrunner_ws/install/cyberrunner_camera:/home/trungbao/CYBER/cyberruner-main/install/cyberrunner_dynamixel_thomas:/home/trungbao/CYBER/cyberruner-main/install/cyberrunner_dynamixel:/home/trungbao/CYBER/cyberruner-main/install/cyberrunner_camera LD_LIBRARY_PATH=/home/trungbao/CYBER/cyberruner-main/install/cyberrunner_interfaces/lib:/home/trungbao/cyberrunner_ws/install/cyberrunner_interfaces/lib:/opt/ros/humble/opt/rviz_ogre_vendor/lib:/opt/ros/humble/lib/x86_64-linux-gnu:/opt/ros/humble/lib PYTHONPATH=/home/trungbao/CYBER/cyberruner-main/build/cyberrunner_dreamer/prefix_override:/usr/lib/python3/dist-packages/colcon_core/task/python/colcon_distutils_commands:/home/trungbao/CYBER/cyberruner-main/install/cyberrunner_dreamer/lib/python3.10/site-packages:${PYTHONPATH} /usr/bin/python3 -W ignore:setup.py install is deprecated -W ignore:easy_install command is deprecated setup.py develop --editable --build-directory /home/trungbao/CYBER/cyberruner-main/build/cyberrunner_dreamer/build --no-deps symlink_data
[5.281s] INFO:colcon.colcon_core.shell:Creating environment descriptor '/home/trungbao/CYBER/cyberruner-main/build/cyberrunner_dreamer/share/cyberrunner_dreamer/hook/pythonpath_develop.dsv'
[5.282s] INFO:colcon.colcon_core.shell:Creating environment hook '/home/trungbao/CYBER/cyberruner-main/build/cyberrunner_dreamer/share/cyberrunner_dreamer/hook/pythonpath_develop.sh'
[5.282s] Level 1:colcon.colcon_core.environment:checking '/home/trungbao/CYBER/cyberruner-main/install/cyberrunner_dreamer' for CMake module files
[5.283s] Level 1:colcon.colcon_core.environment:checking '/home/trungbao/CYBER/cyberruner-main/install/cyberrunner_dreamer' for CMake config files
[5.283s] Level 1:colcon.colcon_core.environment:checking '/home/trungbao/CYBER/cyberruner-main/install/cyberrunner_dreamer/lib'
[5.283s] Level 1:colcon.colcon_core.environment:checking '/home/trungbao/CYBER/cyberruner-main/install/cyberrunner_dreamer/bin'
[5.283s] Level 1:colcon.colcon_core.environment:checking '/home/trungbao/CYBER/cyberruner-main/install/cyberrunner_dreamer/lib/pkgconfig/cyberrunner_dreamer.pc'
[5.283s] Level 1:colcon.colcon_core.environment:checking '/home/trungbao/CYBER/cyberruner-main/install/cyberrunner_dreamer/lib/python3.10/site-packages'
[5.284s] Level 1:colcon.colcon_core.shell:create_environment_hook('cyberrunner_dreamer', 'pythonpath')
[5.284s] INFO:colcon.colcon_core.shell:Creating environment hook '/home/trungbao/CYBER/cyberruner-main/install/cyberrunner_dreamer/share/cyberrunner_dreamer/hook/pythonpath.ps1'
[5.284s] INFO:colcon.colcon_core.shell:Creating environment descriptor '/home/trungbao/CYBER/cyberruner-main/install/cyberrunner_dreamer/share/cyberrunner_dreamer/hook/pythonpath.dsv'
[5.284s] INFO:colcon.colcon_core.shell:Creating environment hook '/home/trungbao/CYBER/cyberruner-main/install/cyberrunner_dreamer/share/cyberrunner_dreamer/hook/pythonpath.sh'
[5.285s] Level 1:colcon.colcon_core.environment:checking '/home/trungbao/CYBER/cyberruner-main/install/cyberrunner_dreamer/bin'
[5.285s] Level 1:colcon.colcon_core.environment:create_environment_scripts_only(cyberrunner_dreamer)
[5.285s] INFO:colcon.colcon_core.shell:Creating package script '/home/trungbao/CYBER/cyberruner-main/install/cyberrunner_dreamer/share/cyberrunner_dreamer/package.ps1'
[5.286s] INFO:colcon.colcon_core.shell:Creating package descriptor '/home/trungbao/CYBER/cyberruner-main/install/cyberrunner_dreamer/share/cyberrunner_dreamer/package.dsv'
[5.287s] INFO:colcon.colcon_core.shell:Creating package script '/home/trungbao/CYBER/cyberruner-main/install/cyberrunner_dreamer/share/cyberrunner_dreamer/package.sh'
[5.287s] INFO:colcon.colcon_core.shell:Creating package script '/home/trungbao/CYBER/cyberruner-main/install/cyberrunner_dreamer/share/cyberrunner_dreamer/package.bash'
[5.287s] INFO:colcon.colcon_core.shell:Creating package script '/home/trungbao/CYBER/cyberruner-main/install/cyberrunner_dreamer/share/cyberrunner_dreamer/package.zsh'
[5.287s] Level 1:colcon.colcon_core.environment:create_file_with_runtime_dependencies(/home/trungbao/CYBER/cyberruner-main/install/cyberrunner_dreamer/share/colcon-core/packages/cyberrunner_dreamer)
[5.290s] Level 1:colcon.colcon_core.shell:create_environment_hook('cyberrunner_dreamer_thomas', 'pythonpath_develop')
[5.290s] INFO:colcon.colcon_core.shell:Creating environment hook '/home/trungbao/CYBER/cyberruner-main/build/cyberrunner_dreamer_thomas/share/cyberrunner_dreamer_thomas/hook/pythonpath_develop.ps1'
[5.290s] DEBUG:colcon.colcon_core.event_handler.log_command:Invoked command in '/home/trungbao/CYBER/cyberruner-main/build/cyberrunner_dreamer_thomas' returned '0': CMAKE_PREFIX_PATH=/home/trungbao/CYBER/cyberruner-main/install/cyberrunner_interfaces:/home/trungbao/cyberrunner_ws/install/cyberrunner_interfaces:/home/trungbao/cyberrunner_ws/install/cyberrunner_cpp:/home/trungbao/cyberrunner_ws/install/cyberrunner_camera:/home/trungbao/CYBER/cyberruner-main/install/cyberrunner_dynamixel_thomas:/home/trungbao/CYBER/cyberruner-main/install/cyberrunner_dynamixel:/home/trungbao/CYBER/cyberruner-main/install/cyberrunner_camera LD_LIBRARY_PATH=/home/trungbao/CYBER/cyberruner-main/install/cyberrunner_interfaces/lib:/home/trungbao/cyberrunner_ws/install/cyberrunner_interfaces/lib:/opt/ros/humble/opt/rviz_ogre_vendor/lib:/opt/ros/humble/lib/x86_64-linux-gnu:/opt/ros/humble/lib PYTHONPATH=/home/trungbao/CYBER/cyberruner-main/build/cyberrunner_dreamer_thomas/prefix_override:/usr/lib/python3/dist-packages/colcon_core/task/python/colcon_distutils_commands:/home/trungbao/CYBER/cyberruner-main/install/cyberrunner_dreamer_thomas/lib/python3.10/site-packages:${PYTHONPATH} /usr/bin/python3 -W ignore:setup.py install is deprecated -W ignore:easy_install command is deprecated setup.py develop --editable --build-directory /home/trungbao/CYBER/cyberruner-main/build/cyberrunner_dreamer_thomas/build --no-deps symlink_data
[5.291s] INFO:colcon.colcon_core.shell:Creating environment descriptor '/home/trungbao/CYBER/cyberruner-main/build/cyberrunner_dreamer_thomas/share/cyberrunner_dreamer_thomas/hook/pythonpath_develop.dsv'
[5.291s] INFO:colcon.colcon_core.shell:Creating environment hook '/home/trungbao/CYBER/cyberruner-main/build/cyberrunner_dreamer_thomas/share/cyberrunner_dreamer_thomas/hook/pythonpath_develop.sh'
[5.292s] Level 1:colcon.colcon_core.environment:checking '/home/trungbao/CYBER/cyberruner-main/install/cyberrunner_dreamer_thomas' for CMake module files
[5.292s] Level 1:colcon.colcon_core.environment:checking '/home/trungbao/CYBER/cyberruner-main/install/cyberrunner_dreamer_thomas' for CMake config files
[5.293s] Level 1:colcon.colcon_core.environment:checking '/home/trungbao/CYBER/cyberruner-main/install/cyberrunner_dreamer_thomas/lib'
[5.293s] Level 1:colcon.colcon_core.environment:checking '/home/trungbao/CYBER/cyberruner-main/install/cyberrunner_dreamer_thomas/bin'
[5.293s] Level 1:colcon.colcon_core.environment:checking '/home/trungbao/CYBER/cyberruner-main/install/cyberrunner_dreamer_thomas/lib/pkgconfig/cyberrunner_dreamer_thomas.pc'
[5.293s] Level 1:colcon.colcon_core.environment:checking '/home/trungbao/CYBER/cyberruner-main/install/cyberrunner_dreamer_thomas/lib/python3.10/site-packages'
[5.293s] Level 1:colcon.colcon_core.shell:create_environment_hook('cyberrunner_dreamer_thomas', 'pythonpath')
[5.293s] INFO:colcon.colcon_core.shell:Creating environment hook '/home/trungbao/CYBER/cyberruner-main/install/cyberrunner_dreamer_thomas/share/cyberrunner_dreamer_thomas/hook/pythonpath.ps1'
[5.294s] INFO:colcon.colcon_core.shell:Creating environment descriptor '/home/trungbao/CYBER/cyberruner-main/install/cyberrunner_dreamer_thomas/share/cyberrunner_dreamer_thomas/hook/pythonpath.dsv'
[5.294s] INFO:colcon.colcon_core.shell:Creating environment hook '/home/trungbao/CYBER/cyberruner-main/install/cyberrunner_dreamer_thomas/share/cyberrunner_dreamer_thomas/hook/pythonpath.sh'
[5.294s] Level 1:colcon.colcon_core.environment:checking '/home/trungbao/CYBER/cyberruner-main/install/cyberrunner_dreamer_thomas/bin'
[5.295s] Level 1:colcon.colcon_core.environment:create_environment_scripts_only(cyberrunner_dreamer_thomas)
[5.295s] INFO:colcon.colcon_core.shell:Creating package script '/home/trungbao/CYBER/cyberruner-main/install/cyberrunner_dreamer_thomas/share/cyberrunner_dreamer_thomas/package.ps1'
[5.296s] INFO:colcon.colcon_core.shell:Creating package descriptor '/home/trungbao/CYBER/cyberruner-main/install/cyberrunner_dreamer_thomas/share/cyberrunner_dreamer_thomas/package.dsv'
[5.296s] INFO:colcon.colcon_core.shell:Creating package script '/home/trungbao/CYBER/cyberruner-main/install/cyberrunner_dreamer_thomas/share/cyberrunner_dreamer_thomas/package.sh'
[5.296s] INFO:colcon.colcon_core.shell:Creating package script '/home/trungbao/CYBER/cyberruner-main/install/cyberrunner_dreamer_thomas/share/cyberrunner_dreamer_thomas/package.bash'
[5.297s] INFO:colcon.colcon_core.shell:Creating package script '/home/trungbao/CYBER/cyberruner-main/install/cyberrunner_dreamer_thomas/share/cyberrunner_dreamer_thomas/package.zsh'
[5.297s] Level 1:colcon.colcon_core.environment:create_file_with_runtime_dependencies(/home/trungbao/CYBER/cyberruner-main/install/cyberrunner_dreamer_thomas/share/colcon-core/packages/cyberrunner_dreamer_thomas)
[9.734s] DEBUG:colcon.colcon_core.event_handler.log_command:Invoked command in '/home/trungbao/CYBER/cyberruner-main/build/cyberrunner_dynamixel_thomas' returned '0': CMAKE_PREFIX_PATH=/home/trungbao/CYBER/cyberruner-main/install/cyberrunner_interfaces:/home/trungbao/cyberrunner_ws/install/cyberrunner_interfaces:/home/trungbao/cyberrunner_ws/install/cyberrunner_cpp:/home/trungbao/cyberrunner_ws/install/cyberrunner_camera:/home/trungbao/CYBER/cyberruner-main/install/cyberrunner_dynamixel_thomas:/home/trungbao/CYBER/cyberruner-main/install/cyberrunner_dynamixel:/home/trungbao/CYBER/cyberruner-main/install/cyberrunner_camera:/home/trungbao/cyberrunner_ws/install/cyberrunner_vision:/home/trungbao/cyberrunner_ws/install/cyberrunner_state_estimation:/home/trungbao/cyberrunner_ws/install/cyberrunner_pid:/home/trungbao/cyberrunner_ws/install/cyberrunner_dreamer:/home/trungbao/cyberrunner_ws/install/cyberrunner_hiwonder:/home/trungbao/CYBER/cyberruner-main/install/cyberrunner_state_estimation:/home/trungbao/CYBER/cyberruner-main/install/cyberrunner_dreamer_thomas:/home/trungbao/CYBER/cyberruner-main/install/cyberrunner_dreamer:/opt/ros/humble LD_LIBRARY_PATH=/home/trungbao/CYBER/cyberruner-main/install/cyberrunner_interfaces/lib:/home/trungbao/cyberrunner_ws/install/cyberrunner_interfaces/lib:/opt/ros/humble/opt/rviz_ogre_vendor/lib:/opt/ros/humble/lib/x86_64-linux-gnu:/opt/ros/humble/lib /usr/bin/cmake --build /home/trungbao/CYBER/cyberruner-main/build/cyberrunner_dynamixel_thomas -- -j24 -l24
[9.735s] DEBUG:colcon.colcon_core.event_handler.log_command:Invoking command in '/home/trungbao/CYBER/cyberruner-main/build/cyberrunner_dynamixel_thomas': CMAKE_PREFIX_PATH=/home/trungbao/CYBER/cyberruner-main/install/cyberrunner_interfaces:/home/trungbao/cyberrunner_ws/install/cyberrunner_interfaces:/home/trungbao/cyberrunner_ws/install/cyberrunner_cpp:/home/trungbao/cyberrunner_ws/install/cyberrunner_camera:/home/trungbao/CYBER/cyberruner-main/install/cyberrunner_dynamixel_thomas:/home/trungbao/CYBER/cyberruner-main/install/cyberrunner_dynamixel:/home/trungbao/CYBER/cyberruner-main/install/cyberrunner_camera:/home/trungbao/cyberrunner_ws/install/cyberrunner_vision:/home/trungbao/cyberrunner_ws/install/cyberrunner_state_estimation:/home/trungbao/cyberrunner_ws/install/cyberrunner_pid:/home/trungbao/cyberrunner_ws/install/cyberrunner_dreamer:/home/trungbao/cyberrunner_ws/install/cyberrunner_hiwonder:/home/trungbao/CYBER/cyberruner-main/install/cyberrunner_state_estimation:/home/trungbao/CYBER/cyberruner-main/install/cyberrunner_dreamer_thomas:/home/trungbao/CYBER/cyberruner-main/install/cyberrunner_dreamer:/opt/ros/humble LD_LIBRARY_PATH=/home/trungbao/CYBER/cyberruner-main/install/cyberrunner_interfaces/lib:/home/trungbao/cyberrunner_ws/install/cyberrunner_interfaces/lib:/opt/ros/humble/opt/rviz_ogre_vendor/lib:/opt/ros/humble/lib/x86_64-linux-gnu:/opt/ros/humble/lib /usr/bin/cmake --install /home/trungbao/CYBER/cyberruner-main/build/cyberrunner_dynamixel_thomas
[9.774s] DEBUG:colcon.colcon_core.event_handler.log_command:Invoked command in '/home/trungbao/CYBER/cyberruner-main/build/cyberrunner_dynamixel' returned '0': CMAKE_PREFIX_PATH=/home/trungbao/CYBER/cyberruner-main/install/cyberrunner_interfaces:/home/trungbao/cyberrunner_ws/install/cyberrunner_interfaces:/home/trungbao/cyberrunner_ws/install/cyberrunner_cpp:/home/trungbao/cyberrunner_ws/install/cyberrunner_camera:/home/trungbao/CYBER/cyberruner-main/install/cyberrunner_dynamixel_thomas:/home/trungbao/CYBER/cyberruner-main/install/cyberrunner_dynamixel:/home/trungbao/CYBER/cyberruner-main/install/cyberrunner_camera:/home/trungbao/cyberrunner_ws/install/cyberrunner_vision:/home/trungbao/cyberrunner_ws/install/cyberrunner_state_estimation:/home/trungbao/cyberrunner_ws/install/cyberrunner_pid:/home/trungbao/cyberrunner_ws/install/cyberrunner_dreamer:/home/trungbao/cyberrunner_ws/install/cyberrunner_hiwonder:/home/trungbao/CYBER/cyberruner-main/install/cyberrunner_state_estimation:/home/trungbao/CYBER/cyberruner-main/install/cyberrunner_dreamer_thomas:/home/trungbao/CYBER/cyberruner-main/install/cyberrunner_dreamer:/opt/ros/humble LD_LIBRARY_PATH=/home/trungbao/CYBER/cyberruner-main/install/cyberrunner_interfaces/lib:/home/trungbao/cyberrunner_ws/install/cyberrunner_interfaces/lib:/opt/ros/humble/opt/rviz_ogre_vendor/lib:/opt/ros/humble/lib/x86_64-linux-gnu:/opt/ros/humble/lib /usr/bin/cmake --build /home/trungbao/CYBER/cyberruner-main/build/cyberrunner_dynamixel -- -j24 -l24
[9.775s] DEBUG:colcon.colcon_core.event_handler.log_command:Invoking command in '/home/trungbao/CYBER/cyberruner-main/build/cyberrunner_dynamixel': CMAKE_PREFIX_PATH=/home/trungbao/CYBER/cyberruner-main/install/cyberrunner_interfaces:/home/trungbao/cyberrunner_ws/install/cyberrunner_interfaces:/home/trungbao/cyberrunner_ws/install/cyberrunner_cpp:/home/trungbao/cyberrunner_ws/install/cyberrunner_camera:/home/trungbao/CYBER/cyberruner-main/install/cyberrunner_dynamixel_thomas:/home/trungbao/CYBER/cyberruner-main/install/cyberrunner_dynamixel:/home/trungbao/CYBER/cyberruner-main/install/cyberrunner_camera:/home/trungbao/cyberrunner_ws/install/cyberrunner_vision:/home/trungbao/cyberrunner_ws/install/cyberrunner_state_estimation:/home/trungbao/cyberrunner_ws/install/cyberrunner_pid:/home/trungbao/cyberrunner_ws/install/cyberrunner_dreamer:/home/trungbao/cyberrunner_ws/install/cyberrunner_hiwonder:/home/trungbao/CYBER/cyberruner-main/install/cyberrunner_state_estimation:/home/trungbao/CYBER/cyberruner-main/install/cyberrunner_dreamer_thomas:/home/trungbao/CYBER/cyberruner-main/install/cyberrunner_dreamer:/opt/ros/humble LD_LIBRARY_PATH=/home/trungbao/CYBER/cyberruner-main/install/cyberrunner_interfaces/lib:/home/trungbao/cyberrunner_ws/install/cyberrunner_interfaces/lib:/opt/ros/humble/opt/rviz_ogre_vendor/lib:/opt/ros/humble/lib/x86_64-linux-gnu:/opt/ros/humble/lib /usr/bin/cmake --install /home/trungbao/CYBER/cyberruner-main/build/cyberrunner_dynamixel
[9.845s] Level 1:colcon.colcon_core.environment:create_environment_scripts_only(cyberrunner_dynamixel_thomas)
[9.845s] Level 1:colcon.colcon_core.environment:checking '/home/trungbao/CYBER/cyberruner-main/install/cyberrunner_dynamixel_thomas' for CMake module files
[9.845s] DEBUG:colcon.colcon_core.event_handler.log_command:Invoked command in '/home/trungbao/CYBER/cyberruner-main/build/cyberrunner_dynamixel_thomas' returned '0': CMAKE_PREFIX_PATH=/home/trungbao/CYBER/cyberruner-main/install/cyberrunner_interfaces:/home/trungbao/cyberrunner_ws/install/cyberrunner_interfaces:/home/trungbao/cyberrunner_ws/install/cyberrunner_cpp:/home/trungbao/cyberrunner_ws/install/cyberrunner_camera:/home/trungbao/CYBER/cyberruner-main/install/cyberrunner_dynamixel_thomas:/home/trungbao/CYBER/cyberruner-main/install/cyberrunner_dynamixel:/home/trungbao/CYBER/cyberruner-main/install/cyberrunner_camera:/home/trungbao/cyberrunner_ws/install/cyberrunner_vision:/home/trungbao/cyberrunner_ws/install/cyberrunner_state_estimation:/home/trungbao/cyberrunner_ws/install/cyberrunner_pid:/home/trungbao/cyberrunner_ws/install/cyberrunner_dreamer:/home/trungbao/cyberrunner_ws/install/cyberrunner_hiwonder:/home/trungbao/CYBER/cyberruner-main/install/cyberrunner_state_estimation:/home/trungbao/CYBER/cyberruner-main/install/cyberrunner_dreamer_thomas:/home/trungbao/CYBER/cyberruner-main/install/cyberrunner_dreamer:/opt/ros/humble LD_LIBRARY_PATH=/home/trungbao/CYBER/cyberruner-main/install/cyberrunner_interfaces/lib:/home/trungbao/cyberrunner_ws/install/cyberrunner_interfaces/lib:/opt/ros/humble/opt/rviz_ogre_vendor/lib:/opt/ros/humble/lib/x86_64-linux-gnu:/opt/ros/humble/lib /usr/bin/cmake --install /home/trungbao/CYBER/cyberruner-main/build/cyberrunner_dynamixel_thomas
[9.845s] Level 1:colcon.colcon_core.environment:checking '/home/trungbao/CYBER/cyberruner-main/install/cyberrunner_dynamixel_thomas' for CMake config files
[9.845s] Level 1:colcon.colcon_core.shell:create_environment_hook('cyberrunner_dynamixel_thomas', 'cmake_prefix_path')
[9.846s] INFO:colcon.colcon_core.shell:Creating environment hook '/home/trungbao/CYBER/cyberruner-main/install/cyberrunner_dynamixel_thomas/share/cyberrunner_dynamixel_thomas/hook/cmake_prefix_path.ps1'
[9.846s] INFO:colcon.colcon_core.shell:Creating environment descriptor '/home/trungbao/CYBER/cyberruner-main/install/cyberrunner_dynamixel_thomas/share/cyberrunner_dynamixel_thomas/hook/cmake_prefix_path.dsv'
[9.846s] INFO:colcon.colcon_core.shell:Creating environment hook '/home/trungbao/CYBER/cyberruner-main/install/cyberrunner_dynamixel_thomas/share/cyberrunner_dynamixel_thomas/hook/cmake_prefix_path.sh'
[9.846s] Level 1:colcon.colcon_core.environment:checking '/home/trungbao/CYBER/cyberruner-main/install/cyberrunner_dynamixel_thomas/lib'
[9.846s] Level 1:colcon.colcon_core.environment:checking '/home/trungbao/CYBER/cyberruner-main/install/cyberrunner_dynamixel_thomas/bin'
[9.846s] Level 1:colcon.colcon_core.environment:checking '/home/trungbao/CYBER/cyberruner-main/install/cyberrunner_dynamixel_thomas/lib/pkgconfig/cyberrunner_dynamixel_thomas.pc'
[9.846s] Level 1:colcon.colcon_core.environment:checking '/home/trungbao/CYBER/cyberruner-main/install/cyberrunner_dynamixel_thomas/lib/python3.10/site-packages'
[9.847s] Level 1:colcon.colcon_core.environment:checking '/home/trungbao/CYBER/cyberruner-main/install/cyberrunner_dynamixel_thomas/bin'
[9.847s] INFO:colcon.colcon_core.shell:Creating package script '/home/trungbao/CYBER/cyberruner-main/install/cyberrunner_dynamixel_thomas/share/cyberrunner_dynamixel_thomas/package.ps1'
[9.847s] INFO:colcon.colcon_core.shell:Creating package descriptor '/home/trungbao/CYBER/cyberruner-main/install/cyberrunner_dynamixel_thomas/share/cyberrunner_dynamixel_thomas/package.dsv'
[9.847s] INFO:colcon.colcon_core.shell:Creating package script '/home/trungbao/CYBER/cyberruner-main/install/cyberrunner_dynamixel_thomas/share/cyberrunner_dynamixel_thomas/package.sh'
[9.847s] INFO:colcon.colcon_core.shell:Creating package script '/home/trungbao/CYBER/cyberruner-main/install/cyberrunner_dynamixel_thomas/share/cyberrunner_dynamixel_thomas/package.bash'
[9.847s] INFO:colcon.colcon_core.shell:Creating package script '/home/trungbao/CYBER/cyberruner-main/install/cyberrunner_dynamixel_thomas/share/cyberrunner_dynamixel_thomas/package.zsh'
[9.847s] Level 1:colcon.colcon_core.environment:create_file_with_runtime_dependencies(/home/trungbao/CYBER/cyberruner-main/install/cyberrunner_dynamixel_thomas/share/colcon-core/packages/cyberrunner_dynamixel_thomas)
[9.848s] Level 1:colcon.colcon_core.environment:create_environment_scripts_only(cyberrunner_dynamixel_thomas)
[9.848s] Level 1:colcon.colcon_core.environment:checking '/home/trungbao/CYBER/cyberruner-main/install/cyberrunner_dynamixel_thomas' for CMake module files
[9.848s] Level 1:colcon.colcon_core.environment:checking '/home/trungbao/CYBER/cyberruner-main/install/cyberrunner_dynamixel_thomas' for CMake config files
[9.848s] Level 1:colcon.colcon_core.shell:create_environment_hook('cyberrunner_dynamixel_thomas', 'cmake_prefix_path')
[9.848s] INFO:colcon.colcon_core.shell:Creating environment hook '/home/trungbao/CYBER/cyberruner-main/install/cyberrunner_dynamixel_thomas/share/cyberrunner_dynamixel_thomas/hook/cmake_prefix_path.ps1'
[9.848s] INFO:colcon.colcon_core.shell:Creating environment descriptor '/home/trungbao/CYBER/cyberruner-main/install/cyberrunner_dynamixel_thomas/share/cyberrunner_dynamixel_thomas/hook/cmake_prefix_path.dsv'
[9.849s] INFO:colcon.colcon_core.shell:Creating environment hook '/home/trungbao/CYBER/cyberruner-main/install/cyberrunner_dynamixel_thomas/share/cyberrunner_dynamixel_thomas/hook/cmake_prefix_path.sh'
[9.849s] Level 1:colcon.colcon_core.environment:checking '/home/trungbao/CYBER/cyberruner-main/install/cyberrunner_dynamixel_thomas/lib'
[9.849s] Level 1:colcon.colcon_core.environment:checking '/home/trungbao/CYBER/cyberruner-main/install/cyberrunner_dynamixel_thomas/bin'
[9.849s] Level 1:colcon.colcon_core.environment:checking '/home/trungbao/CYBER/cyberruner-main/install/cyberrunner_dynamixel_thomas/lib/pkgconfig/cyberrunner_dynamixel_thomas.pc'
[9.849s] Level 1:colcon.colcon_core.environment:checking '/home/trungbao/CYBER/cyberruner-main/install/cyberrunner_dynamixel_thomas/lib/python3.10/site-packages'
[9.849s] Level 1:colcon.colcon_core.environment:checking '/home/trungbao/CYBER/cyberruner-main/install/cyberrunner_dynamixel_thomas/bin'
[9.849s] INFO:colcon.colcon_core.shell:Creating package script '/home/trungbao/CYBER/cyberruner-main/install/cyberrunner_dynamixel_thomas/share/cyberrunner_dynamixel_thomas/package.ps1'
[9.850s] INFO:colcon.colcon_core.shell:Creating package descriptor '/home/trungbao/CYBER/cyberruner-main/install/cyberrunner_dynamixel_thomas/share/cyberrunner_dynamixel_thomas/package.dsv'
[9.850s] INFO:colcon.colcon_core.shell:Creating package script '/home/trungbao/CYBER/cyberruner-main/install/cyberrunner_dynamixel_thomas/share/cyberrunner_dynamixel_thomas/package.sh'
[9.850s] INFO:colcon.colcon_core.shell:Creating package script '/home/trungbao/CYBER/cyberruner-main/install/cyberrunner_dynamixel_thomas/share/cyberrunner_dynamixel_thomas/package.bash'
[9.850s] INFO:colcon.colcon_core.shell:Creating package script '/home/trungbao/CYBER/cyberruner-main/install/cyberrunner_dynamixel_thomas/share/cyberrunner_dynamixel_thomas/package.zsh'
[9.850s] Level 1:colcon.colcon_core.environment:create_file_with_runtime_dependencies(/home/trungbao/CYBER/cyberruner-main/install/cyberrunner_dynamixel_thomas/share/colcon-core/packages/cyberrunner_dynamixel_thomas)
[9.913s] Level 1:colcon.colcon_core.environment:create_environment_scripts_only(cyberrunner_dynamixel)
[9.914s] Level 1:colcon.colcon_core.environment:checking '/home/trungbao/CYBER/cyberruner-main/install/cyberrunner_dynamixel' for CMake module files
[9.914s] DEBUG:colcon.colcon_core.event_handler.log_command:Invoked command in '/home/trungbao/CYBER/cyberruner-main/build/cyberrunner_dynamixel' returned '0': CMAKE_PREFIX_PATH=/home/trungbao/CYBER/cyberruner-main/install/cyberrunner_interfaces:/home/trungbao/cyberrunner_ws/install/cyberrunner_interfaces:/home/trungbao/cyberrunner_ws/install/cyberrunner_cpp:/home/trungbao/cyberrunner_ws/install/cyberrunner_camera:/home/trungbao/CYBER/cyberruner-main/install/cyberrunner_dynamixel_thomas:/home/trungbao/CYBER/cyberruner-main/install/cyberrunner_dynamixel:/home/trungbao/CYBER/cyberruner-main/install/cyberrunner_camera:/home/trungbao/cyberrunner_ws/install/cyberrunner_vision:/home/trungbao/cyberrunner_ws/install/cyberrunner_state_estimation:/home/trungbao/cyberrunner_ws/install/cyberrunner_pid:/home/trungbao/cyberrunner_ws/install/cyberrunner_dreamer:/home/trungbao/cyberrunner_ws/install/cyberrunner_hiwonder:/home/trungbao/CYBER/cyberruner-main/install/cyberrunner_state_estimation:/home/trungbao/CYBER/cyberruner-main/install/cyberrunner_dreamer_thomas:/home/trungbao/CYBER/cyberruner-main/install/cyberrunner_dreamer:/opt/ros/humble LD_LIBRARY_PATH=/home/trungbao/CYBER/cyberruner-main/install/cyberrunner_interfaces/lib:/home/trungbao/cyberrunner_ws/install/cyberrunner_interfaces/lib:/opt/ros/humble/opt/rviz_ogre_vendor/lib:/opt/ros/humble/lib/x86_64-linux-gnu:/opt/ros/humble/lib /usr/bin/cmake --install /home/trungbao/CYBER/cyberruner-main/build/cyberrunner_dynamixel
[9.915s] Level 1:colcon.colcon_core.environment:checking '/home/trungbao/CYBER/cyberruner-main/install/cyberrunner_dynamixel' for CMake config files
[9.915s] Level 1:colcon.colcon_core.shell:create_environment_hook('cyberrunner_dynamixel', 'cmake_prefix_path')
[9.915s] INFO:colcon.colcon_core.shell:Creating environment hook '/home/trungbao/CYBER/cyberruner-main/install/cyberrunner_dynamixel/share/cyberrunner_dynamixel/hook/cmake_prefix_path.ps1'
[9.916s] INFO:colcon.colcon_core.shell:Creating environment descriptor '/home/trungbao/CYBER/cyberruner-main/install/cyberrunner_dynamixel/share/cyberrunner_dynamixel/hook/cmake_prefix_path.dsv'
[9.916s] INFO:colcon.colcon_core.shell:Creating environment hook '/home/trungbao/CYBER/cyberruner-main/install/cyberrunner_dynamixel/share/cyberrunner_dynamixel/hook/cmake_prefix_path.sh'
[9.916s] Level 1:colcon.colcon_core.environment:checking '/home/trungbao/CYBER/cyberruner-main/install/cyberrunner_dynamixel/lib'
[9.916s] Level 1:colcon.colcon_core.environment:checking '/home/trungbao/CYBER/cyberruner-main/install/cyberrunner_dynamixel/bin'
[9.916s] Level 1:colcon.colcon_core.environment:checking '/home/trungbao/CYBER/cyberruner-main/install/cyberrunner_dynamixel/lib/pkgconfig/cyberrunner_dynamixel.pc'
[9.917s] Level 1:colcon.colcon_core.environment:checking '/home/trungbao/CYBER/cyberruner-main/install/cyberrunner_dynamixel/lib/python3.10/site-packages'
[9.917s] Level 1:colcon.colcon_core.environment:checking '/home/trungbao/CYBER/cyberruner-main/install/cyberrunner_dynamixel/bin'
[9.917s] INFO:colcon.colcon_core.shell:Creating package script '/home/trungbao/CYBER/cyberruner-main/install/cyberrunner_dynamixel/share/cyberrunner_dynamixel/package.ps1'
[9.918s] INFO:colcon.colcon_core.shell:Creating package descriptor '/home/trungbao/CYBER/cyberruner-main/install/cyberrunner_dynamixel/share/cyberrunner_dynamixel/package.dsv'
[9.918s] INFO:colcon.colcon_core.shell:Creating package script '/home/trungbao/CYBER/cyberruner-main/install/cyberrunner_dynamixel/share/cyberrunner_dynamixel/package.sh'
[9.918s] INFO:colcon.colcon_core.shell:Creating package script '/home/trungbao/CYBER/cyberruner-main/install/cyberrunner_dynamixel/share/cyberrunner_dynamixel/package.bash'
[9.918s] INFO:colcon.colcon_core.shell:Creating package script '/home/trungbao/CYBER/cyberruner-main/install/cyberrunner_dynamixel/share/cyberrunner_dynamixel/package.zsh'
[9.918s] Level 1:colcon.colcon_core.environment:create_file_with_runtime_dependencies(/home/trungbao/CYBER/cyberruner-main/install/cyberrunner_dynamixel/share/colcon-core/packages/cyberrunner_dynamixel)
[9.919s] Level 1:colcon.colcon_core.environment:create_environment_scripts_only(cyberrunner_dynamixel)
[9.919s] Level 1:colcon.colcon_core.environment:checking '/home/trungbao/CYBER/cyberruner-main/install/cyberrunner_dynamixel' for CMake module files
[9.919s] Level 1:colcon.colcon_core.environment:checking '/home/trungbao/CYBER/cyberruner-main/install/cyberrunner_dynamixel' for CMake config files
[9.919s] Level 1:colcon.colcon_core.shell:create_environment_hook('cyberrunner_dynamixel', 'cmake_prefix_path')
[9.920s] INFO:colcon.colcon_core.shell:Creating environment hook '/home/trungbao/CYBER/cyberruner-main/install/cyberrunner_dynamixel/share/cyberrunner_dynamixel/hook/cmake_prefix_path.ps1'
[9.920s] INFO:colcon.colcon_core.shell:Creating environment descriptor '/home/trungbao/CYBER/cyberruner-main/install/cyberrunner_dynamixel/share/cyberrunner_dynamixel/hook/cmake_prefix_path.dsv'
[9.920s] INFO:colcon.colcon_core.shell:Creating environment hook '/home/trungbao/CYBER/cyberruner-main/install/cyberrunner_dynamixel/share/cyberrunner_dynamixel/hook/cmake_prefix_path.sh'
[9.920s] Level 1:colcon.colcon_core.environment:checking '/home/trungbao/CYBER/cyberruner-main/install/cyberrunner_dynamixel/lib'
[9.920s] Level 1:colcon.colcon_core.environment:checking '/home/trungbao/CYBER/cyberruner-main/install/cyberrunner_dynamixel/bin'
[9.920s] Level 1:colcon.colcon_core.environment:checking '/home/trungbao/CYBER/cyberruner-main/install/cyberrunner_dynamixel/lib/pkgconfig/cyberrunner_dynamixel.pc'
[9.921s] Level 1:colcon.colcon_core.environment:checking '/home/trungbao/CYBER/cyberruner-main/install/cyberrunner_dynamixel/lib/python3.10/site-packages'
[9.921s] Level 1:colcon.colcon_core.environment:checking '/home/trungbao/CYBER/cyberruner-main/install/cyberrunner_dynamixel/bin'
[9.921s] INFO:colcon.colcon_core.shell:Creating package script '/home/trungbao/CYBER/cyberruner-main/install/cyberrunner_dynamixel/share/cyberrunner_dynamixel/package.ps1'
[9.921s] INFO:colcon.colcon_core.shell:Creating package descriptor '/home/trungbao/CYBER/cyberruner-main/install/cyberrunner_dynamixel/share/cyberrunner_dynamixel/package.dsv'
[9.922s] INFO:colcon.colcon_core.shell:Creating package script '/home/trungbao/CYBER/cyberruner-main/install/cyberrunner_dynamixel/share/cyberrunner_dynamixel/package.sh'
[9.922s] INFO:colcon.colcon_core.shell:Creating package script '/home/trungbao/CYBER/cyberruner-main/install/cyberrunner_dynamixel/share/cyberrunner_dynamixel/package.bash'
[9.922s] INFO:colcon.colcon_core.shell:Creating package script '/home/trungbao/CYBER/cyberruner-main/install/cyberrunner_dynamixel/share/cyberrunner_dynamixel/package.zsh'
[9.922s] Level 1:colcon.colcon_core.environment:create_file_with_runtime_dependencies(/home/trungbao/CYBER/cyberruner-main/install/cyberrunner_dynamixel/share/colcon-core/packages/cyberrunner_dynamixel)
[9.922s] DEBUG:colcon.colcon_parallel_executor.executor.parallel:closing loop
[9.922s] DEBUG:colcon.colcon_parallel_executor.executor.parallel:loop closed
[9.922s] DEBUG:colcon.colcon_parallel_executor.executor.parallel:run_until_complete finished with '0'
[9.922s] DEBUG:colcon.colcon_core.event_reactor:joining thread
[9.927s] INFO:colcon.colcon_core.plugin_system:Skipping extension 'colcon_notification.desktop_notification.terminal_notifier': Not used on non-Darwin systems
[9.927s] INFO:colcon.colcon_core.plugin_system:Skipping extension 'colcon_notification.desktop_notification.win32': Not used on non-Windows systems
[9.927s] INFO:colcon.colcon_notification.desktop_notification:Sending desktop notification using 'notify2'
[9.942s] DEBUG:colcon.colcon_core.event_reactor:joined thread
[9.942s] INFO:colcon.colcon_core.shell:Creating prefix script '/home/trungbao/CYBER/cyberruner-main/install/local_setup.ps1'
[9.943s] INFO:colcon.colcon_core.shell:Creating prefix util module '/home/trungbao/CYBER/cyberruner-main/install/_local_setup_util_ps1.py'
[9.944s] INFO:colcon.colcon_core.shell:Creating prefix chain script '/home/trungbao/CYBER/cyberruner-main/install/setup.ps1'
[9.945s] INFO:colcon.colcon_core.shell:Creating prefix script '/home/trungbao/CYBER/cyberruner-main/install/local_setup.sh'
[9.945s] INFO:colcon.colcon_core.shell:Creating prefix util module '/home/trungbao/CYBER/cyberruner-main/install/_local_setup_util_sh.py'
[9.946s] INFO:colcon.colcon_core.shell:Creating prefix chain script '/home/trungbao/CYBER/cyberruner-main/install/setup.sh'
[9.947s] INFO:colcon.colcon_core.shell:Creating prefix script '/home/trungbao/CYBER/cyberruner-main/install/local_setup.bash'
[9.947s] INFO:colcon.colcon_core.shell:Creating prefix chain script '/home/trungbao/CYBER/cyberruner-main/install/setup.bash'
[9.948s] INFO:colcon.colcon_core.shell:Creating prefix script '/home/trungbao/CYBER/cyberruner-main/install/local_setup.zsh'
[9.948s] INFO:colcon.colcon_core.shell:Creating prefix chain script '/home/trungbao/CYBER/cyberruner-main/install/setup.zsh'
